 Codigo , ARTICULOS DE LIMPIEZA ,SISTEMA, PRECIO 4 
75001,ESCOBAS DE PALMA BLANCA 36 PZAS.,218.01,228.90
750103700,FIBRAS AJAX 24/5 PZAS.,400.01,420.00
7.50E+12,GLADE AEROSOL CAMPOS LAVANDA 12/345 G,448.01,470.40
7.50E+12,GLADE AEROSOL FRESC MATINAL 12/345 G,420.01,441.00
72806,GLADE AEROSOL HAWAIIAN BREZZE 12/345 G,418.01,441.00
72801,GLADE AEROSOL J. CAMPESTRE 12/345 G,420.01,443.10
750103747,GLADE AEROSOL MANZANA&CANELA 12/345 G,420.01,441.00
7.50E+12,GLADE AEROSOL CAMPOS LIMON 12/345 G,468.01,491.40
7.50E+12,GLADE AEROSOL CAMPOS PARAISO AZUL 12/345 G,448.01,470.40
7.50E+12,GLADE AEROSOL CAMPOS VAINILLA 12/345 G,420.01,443.10
7.50E+11,GUANTE AMBIDERM GRANDE *1 PZA.,9.93,11.50
3145,GUANTE AMBIDERM MEDIANO *1 PZA.,9.93,11.50
912005,MAGITEL 4/24/5 PZAS.,1110.01,1165.50
, ARTICULOS DE LIMPIEZA - 3M ,,
7.50E+12,SCOTCH BRITE FIBRA ESPIRAL METALICA 36/2 PZAS.,523.01,549.20
23114932,SCOTCH BRITE FIBRA ESPONJA MED. 32 T/6 PZAS.,44.91,47.20
LARTLI0000015,SCOTCH BRITE FIBRA CERO RAYAS C/36 PZAS.,485.98,510.30
7.50E+12,SCOTCH BRITE FIBRA VERDE GIGANTE 3M 6 PZAS.,60.76,63.80
7.50E+12,SCOTCH BRITE FIBRA VERDE POPULAR 3M 6 PZAS.,31.89,33.50
LARTLI0000016,SCOTCH BRITE MI GUANTE LATEX GDE. C/24 PZAS.,342.51,359.70
LARTLI0000017,SCOTCH BRITE MI GUANTE LATEX MED. C/24 PZAS.,315.19,331.00
LARTLI0000014,SCOTCH BRITE MI TELA C/40 PZAS.,220.61,231.70
23114933,SCOTCH BRITE PAÑO MICROFIBRA 24 PZAS,207.01,217.40
, MASCOTAS ,,
7.50E+12,CAT CHOW 10 KG.,314.01,332.90
7.50E+12,DOG CHOW ADULTO 25 KG.,676.34,721.10
7.50E+12,DOG CHOW ADULTO RAZAS PEQUEÑAS 25 KG.,676.34,721.10
7.50E+12,DOG CHOW CACHORRO RAZAS PEQUEÑAS 20 KG.  ,610.34,640.90
7501780,DOG CHOW ADULTO BOLSA 24/100 GRS BUF POLLO,193.51,201.30
7501778,DOG CHOW ADULTO BOLSA 24/100 GRS CENA CARNE,190.01,201.30
7501777,DOG CHOW ADULTO BOLSA 24/100 GRS CENA DE PAVO,190.01,201.30
7501779,DOG CHOW ADULTO BOLSA 24/100 GRS FEST POLLO,190.01,201.30
7501781,DOG CHOW CACHORRO BOLSA 24/100 GRS TROZ POLLO,193.52,201.30
750102472,GATINA 15 KGS,340.01,360.40
774954902,HI-DOG ADULTO A GRANEL 25 KGS.,373.01,395.40
LALIAN0000024,HI-DOG ADULTO RAZAS PEQ 25 KGS.,373.01,395.40
LALIAN0000025,HI-DOG CACHORRO 20 KG.,361.01,382.70
774954901,HI-CAT 15 KGS. ,314.01,332.90
LALIAN0000021,HI-MULTIPRO ADULTO 25 KG.,512.01,542.80
LALIAN0000032,HI-MULTIPRO CACHORRO 20 KG.,497.01,522.00
774954907,MAXIBOBBY 25 KG.,281.01,297.90
750102422,PAL CHAMP 25 KGS.,365.01,383.30
7.06E+11,PAL GATO 16 KGS.,340.01,357.00
70646024937,PEDIGREE ADULTO 4/10/100 GRS. POLLO *BOLSA,245.04,271.60
6266,PEDIGREE ADULTO 4/10/100 GRS. RES *BOLSA,245.04,271.60
6255,PEDIGREE ADULTO LATA 12/625 GRS. GUIS. DE RES,368.01,386.40
7.06E+11,PEDIGREE ADULTO LATA 12/625 GRS. MOLIDA POLLO,368.01,386.40
7.06E+11,PEDIGREE ADULTO LATA 12/625 GRS. MOLIDA RES,368.01,386.40
42013,PEDIGREE ADULTO LATA 24/375 GRS. GUIS. DE RES,532.01,558.60
7.06E+11,PEDIGREE ADULTO LATA 24/375 GRS. MOLIDA POLLO,532.01,558.60
7.06E+11,PEDIGREE ADULTO LATA 24/375 GRS. MOLIDA RES,532.01,558.60
750103477,PEDIGREE ADULTO *25 KGS.,640.01,761.30
LALIAN0000001,PEDIGREE ADULTO RAZAS PEQ. 25 KGS.,695.01,761.30
7.06E+11,PEDIGREE ADULTO RAZAS PEQ. 4/10/100 GRS. POLLO,245.04,271.60
7.06E+11,PEDIGREE ADULTO RAZAS PEQ. 4/10/100 GRS. RES,245.04,271.60
750103480,PEDIGREE CACHORRO 20 KGS.,600.01,660.40
7.06E+11,PEDIGREE CACHORRO 4/10/100 GRS. POLLO EN SALSA *BOLSA,245.04,271.60
7064605,PEDIGREE CACHORRO 4/10/100 GRS. RES *BOLSA,245.04,271.60
LALIAN0000004,SILVER CAN 25 KG.,260.01,275.00
LALIAN0000008,SILVER CAN CACHORRO A GRANEL 20 KGS.,260.01,275.00
7.50E+12,SPORT CAN 5 KGS.,52.01,55.00
750103448,SPORT CAN PREMIUM A GRANEL 23 KG.,226.01,237.30
62711,WHISCAS 4/8/ 85 GRS. ATUN *BOLSA,186.04,232.00
6268,WHISCAS 4/8/85 GRS. GATITOS ATUN *BOLSA,206.04,232.00
6271,WHISCAS 4/8/85 GRS. GATITOS RES *BOLSA,197.64,232.00
6269,WHISCAS 4/8/85 GRS. PAVO Y MENUDILLOS *BOLSA,186.04,232.00
6270,WHISCAS 4/8/85 GRS. PESCADO BLANCO *BOLSA,206.04,232.00
6282,WHISCAS 4/8/85 GRS. POLLO *BOLSA,218.04,232.00
62655,WHISCAS 4/8/85 GRS. SALMON * BOLSA,210.04,232.00
7.06E+11,WHISCAS LATA 24/156 GRS. ATUN ,282.01,296.10
7.06E+11,WHISCAS LATA 24/156 GRS. RES,282.01,296.10
6272,WHISCAS LATA 24/156 GRS. SALMON,282.01,296.10
7.06E+11,WHISCAS ORIGINAL GRANDE 20 KGS.,590.01,642.60
, ARTICULOS PARA BEBE ,,
7.50E+12,ACEITE PARA BEBE MENNEN 24/100 ML.,427.01,448.40
7.50E+12,ACEITE PARA BEBE MENNEN 36/50 ML.,332.50,352.50
75454806,BIBERON EVENFLO CHICO 4 OZ 3 PZAS.,175.98,184.80
75454805,BIBERON EVENFLO GRANDE 8/24 PZAS,175.98,184.80
7.50E+12,BIBERON LISO CURITY 24/4 ONZ.,321.61,337.70
7.50E+12,BIBERON LISO CURITY 24/8 ONZ.,412.81,433.50
750103945,CHUPON JALOMA ** 24 PZAS.,35.29,39.00
2259,JABON BEBE MENNEN 96/110 GRS.,964.81,1013.10
750103943,MAMILA EVENFLO SILICON 36 PZAS,112.99,118.70
7.50E+12,TALCO BABY MAGIC MENNEN NIÑA 24/100 GRS.,460.01,493.50
7.50E+12,TALCO BABY MAGIC MENNEN NIÑA 24/200 GRS.,730.30,766.90
7.50E+12,TALCO BABY MAGIC MENNEN NIÑO 24/100 GRS.,470.01,493.50
7.50E+12,TALCO BABY MAGIC MENNEN NIÑO 24/200 GRS.,730.30,766.90
7.50E+12,TOALLITAS DODY'S AZUL 48/80 PZAS.,802.87,843.10
7.50E+12,TOALLITAS DODY'S ROSA 48/80 PZAS.,802.87,843.10
75010259,TOALLITAS BEBIN 18/80 PZAS,259.01,272.00
7.51E+11,TOALLITAS BEBETEX 36/80 PZAS,468.01,496.10
13117020414,TOALLITAS KIKOLASTIC 24/84 PZAS.,273.00,286.70
2263,TOALLITAS ABSORSEC 24/90 PZAS,324.01,340.20
7.50E+12,TOALLITAS SUAVELASTIC 24/50 PZAS.,350.82,368.40
7501943469,TOALLITAS SUAVELASTIC 6/2/100 PZAS.,293.51,308.20
13636,TOALLITAS CLASSIC 12/80 PZAS.,170.19,178.70
7501062703,TOALLITAS CLASSIC 12/120 PZAS.,210.07,220.60
, ACEITES ,,
75002340,ACEITE 1-2-3 12/1 LT.,290.01,304.50
75005440,ACEITE 1-2-3 24/ 500ML,290.01,304.50
LACEIT0000008,ACEITE AVE 12/500 ML,140.01,147.00
7.50E+12,ACEITE AVE 12/900 ML.,212.01,222.60
75030253001,ACEITE DE COCO CALAHUA 12/342 ML.,784.83,824.10
7.50E+12,ACEITE CAPULLO 12/ 840 ML,272.01,285.60
75022233,ACEITE CAPULLO 12/400 ML.,141.11,148.20
750770468,ACEITE CAPILLA 12/900,219.91,231.00
8.24E+11,ACEITE MAXIMA 12/900 ML,218.01,228.90
8.41E+12,ACEITE DE OLIVA CARBONELL 12/250 ML,648.97,681.50
48327102080,ACEITE DE OLIVA YBARRA 20/200 ML.,676.41,710.30
LACEIT0000007,ACEITE MAI-ZANO 12/1 LT.,255.01,267.80
7.50E+12,ACEITE NUTRIOLI 12/473 ML.,151.01,158.60
LACEIT0000001,ACEITE NUTRIOLI 12/850 ML.,255.01,277.10
7.50E+12,ACEITE OLEICO 12/946 ML.,575.01,603.80
64144030337,ACEITE PAM AEROSOL ORIGINAL 12/170 GRS ,410.01,430.50
75017105008,ACEITE SABROSANO 12/ 473 ML.,155.01,162.80
ACEITEPROM002,ACEITE SABROSANO 12/900 ML.,255.01,273.00
, ALIMENTOS INFANTILES ,,
75013367,GERBER 1RA ETAPA 24/71 GRS. DURAZNOS,178.55,187.50
75013404,GERBER 1RA ETAPA 24/71 GRS. MANZANAS,178.55,187.50
75015378,GERBER 1RA ETAPA 24/71 GRS. MANGO,178.55,187.50
75013398,GERBER 1RA ETAPA 24/71 GRS. ZANAHORIAS,178.55,187.50
75013343,GERBER 1RA ETAPA 24/71 GRS. PLATANO,178.55,187.50
5834105,GERBER 2DA. ETAPA *CIRUELA P. 24/113 GRS,196.01,205.80
16317,GERBER 2DA. ETAPA *DURAZNOS 24/113 GRS.,196.01,205.80
5834106,GERBER 2DA. ETAPA *F. MIXTAS 24/113 GRS.,196.01,205.80
5834104,GERBER 2DA. ETAPA *FRUTAS TROP. 24/113 G,196.01,205.80
5834101,GERBER 2DA. ETAPA *MANGOS 24/113 GRS,196.01,205.80
5834102,GERBER 2DA. ETAPA *MANZANAS 24/113 GRS.,196.01,205.80
58341042,GERBER 2DA. ETAPA *PERAS 24/113 GRS.,196.01,205.80
LALIIN0000002,NESTUM PROBIOTICOS 8 CEREALES 24/270 GR,776.96,815.80
LALIIN0000004,NESTUM PROBIOTICOS 4 CEREALES 24/270 GR,786.46,825.80
,ALCOHOL,,
750103328,ACETONA JALOMA 25/60 ML.,143.71,150.90
, ARROZ ,,
LARROZ0000002,ARROZ AGUILA ROJA  A GRANEL 25 KG.,276.86,293.50
LARROZ0000003,ARROZ AGUILA ROJA KILEADO 25/1 KG.,289.11,306.50
LARROZ0000009,ARROZ LA FLOR DE MORELOS 25/1 KG.,343.01,372.00
LARROZ0000005,ARROZ LA FLOR DE MORELOS A GRANEL 25 KGS,330.76,363.60
LARROZ0000011,ARROZ  PAISA 25 KGS,284.21,300.00
, ATOLES ,,
7.50E+12,MAIZENA 24/47 GRS. CAJETA,630.06,693.00
7.50E+12,MAIZENA 24/47 GRS. CHOCOLATE,630.06,693.00
7.50E+12,MAIZENA 24/47 GRS. COCO,630.06,693.00
7.50E+12,MAIZENA 24/47 GRS. FRESA,630.06,693.00
7.50E+12,MAIZENA 24/47 GRS. NUEZ,630.06,693.00
7.50E+12,MAIZENA 24/47 GRS. VAINILLA,630.06,693.00
7.50E+12,MAIZENA NATURAL 150/95 GRS.,925.01,971.30
7.50E+12,MAIZENA NATURAL 24/750 GRS.,825.01,866.30
7.50E+12,MAIZENA NATURAL 40/425 GRS.,891.01,935.60
7.50E+11,MAIZENA NATURAL 96/160 GRS.,961.01,1009.10
, AZUCAR ,,
7.79E+12,CANDEREL 12/50 PZAS.,290.06,305.00
, BLANQUEADORES ,,
7.50E+12,BANDERA 6/3.8 LTS.,123.01,129.20
LBLANQ0000012,BANDERA 8/2 LTS.,98.01,102.90
7.50E+12,BANDERA 12/960 ML.,66.51,69.90
13102,BANDERA 20/480 ML.,66.51,69.90
7.50E+12,"BLANCATEL CONCENTRADO 6/3,871 ML.",126.01,132.30
7.50E+12,BLANCATEL LAVANDA 6/3.75 LTS.,133.49,140.20
74112000333,CLARASOL 10 LTS.,67.87,73.00
1301,CLARASOL 12/1 LT,68.72,72.20
7.41E+11,CLARASOL 24/500 ML.,75.00,78.80
7.41E+11,CLARASOL 3/3.7 LTS.,64.04,67.30
1303,CLARASOL 6/1.8 LTS.,64.04,67.30
LBLANQ0000006,CLORALEX EL RENDIDOR 15/950 ML.,116.01,123.90
75000603,CLORALEX EL RENDIDOR 20/500 ML.,85.01,95.60
75000594,CLORALEX EL RENDIDOR 30/250 ML.,94.01,98.70
75000636,CLORALEX EL RENDIDOR 6/3.75 ML.,163.01,171.20
75000626,CLORALEX EL RENDIDOR 8/2 LTS.,132.21,138.90
1340,CLORALEX 15/950 ML. FLORES,133.01,139.70
7.50E+12,CLORALEX 6/3.75 LT. FLORAL,185.01,194.30
7.50E+12,CLORALEX MASCOTAS 15/950 ML.,253.62,266.30
7.50E+12,CLORALEX MASCOTAS 6/3.8 LTS.,344.51,361.80
7.50E+12,CLOROX 15/930 ML.,111.01,116.60
7.50E+12,CLOROX 20/500 ML.,86.01,93.30
7.50E+12,CLOROX 6/3.8 LTS.,155.01,162.80
1322,CLOROX 8/1.8 LTS.,115.01,120.80
7.50E+12,CLOROX 6/3.8 LTOS. MAGIA FLORAL,161.01,170.10
7.50E+12,CLOROX 6/3.8 LTOS. MENTA FRESCA,162.01,170.10
7.50E+12,CLOROX 6/3.8 LTOS. PUREZA CITRICA,160.97,170.10
7.50E+12,CLOROX AROMA 15/930 ML. BLANCOS INTENSOS,177.01,185.90
7.50E+12,CLOROX AROMA 15/930 ML. MAGIA FLORAL,118.01,129.00
13264,CLOROX AROMA 15/930 ML. MENTA FRESCA,120.01,129.00
7.50E+12,CLOROX AROMA 15/930 ML. PUREZA CITRICA,120.01,129.00
7.50E+12,CLOROX AROMA 20/500 ML. MAGIA FLORAL ,103.01,125.40
1311,CLOROX DESENGRASANTE 15/930 ML.,149.01,156.50
LBLANQ0000011,CLOROX POWER GEL 12/500 ML. ,125.01,137.60
7.50E+12,CLOROX ROPA BEBE 15/930 ML.,138.01,144.90
1312,CLOROX ROPA COLOR 12/500 ML.,130.01,136.50
7.50E+12,CLOROX ROPA COLOR 15/930 ML.,238.01,249.90
LBLANQ0000002,CLOROX ROPA COLOR 8/1.8 LTS.,238.01,249.90
, CAFES ,,
7.50E+12,CAFE CAPUCHINO INST. VERDE 20/28 GRS.,89.01,93.50
7.50E+12,CAFE LEGAL A LA CANELA 30/30 GRS.,617.68,648.80
6.75E+12,CAFE LEGAL GRANO 60/34 GRS.,292.51,307.20
1.75E+12,CAFE LEGAL SOLUBLE 20/10 GRS.,478.86,502.80
8.24E+11,CAFE MAXIMA MEZCLADO 12/200 GRS.,383.01,402.20
1439,CAFE MAXIMA MEZCLADO 12/50 GRS.,142.01,149.10
1464,CAFÉ ORO 12/100 GRS.,358.01,375.90
7.50E+12,CAFÉ ORO 12/200 GRS.,598.01,627.90
7501052,COFFE MATE 12/140 GRS. * Bolsa,199.22,215.00
7.50E+12,COFFE MATE 12/160 GRS. ,198.01,207.90
7.50E+12,COFFE MATE 12/311 GRS.,340.01,369.00
7.50E+12,COFFE MATE 12/400 GRS.,390.01,425.00
7.50E+12,COFFE MATE 640 GRS.,50.77,54.40
7.50E+12,COFFE MATE EXH. 9/10/36 GRS.,368.10,387.00
6.05E+11,SUSTITUTO DE CREMA P/ CAFÉ MMARCK 1 KG.,52.01,55.70
75010588031,NESCAFE DULCICREMA LATA 12/305 GRS,376.01,394.80
7.50E+12,NESCAFE CAPPUCCINO MOKACCINO 9/8/25 G.,277.11,315.00
7.50E+11,NESCAFE CAPPUCCINO TRADICIONAL 9/8/25 G.,283.59,315.00
7.50E+12,NESCAFE CAPPUCCINO VAINILLA 9/8/25 GRS.,283.59,315.00
LCAFES0000006,NESCAFE CLASICO 12/225 GRS.,750.01,808.50
1059272521,NESCAFE CLASICO 12/42 GRS.,168.01,176.40
71059272522,NESCAFE CLASICO 12/ 120 GRS.,450.01,472.50
7.50E+12,NESCAFE CLASICO 4/1 KG.,315.16,331.00
9237100,NESCAFE CLASICO DOY PACK 24/28 GRS.,268.01,281.40
7.50E+12,NESCAFE CLASICO SOBRE 6/20/14 GRS.,740.04,777.00
75059272522,NESCAFE CLASICO 8/300 GRS,600.01,630.00
7.50E+12,NESCAFE DECAF 12/170 GRS.,625.61,684.30
7.50E+12,NESCAFE DECAF 12/40 GRS.,244.33,257.00
7.50E+12,NESCAFE DECAF 12/95 GRS.,492.01,516.60
7.50E+12,NESCAFE DECAF SOBRE 12/8/14 GRS. ,732.60,807.60
75034014,NESCAFE DOLCA 15/170 GRS.,720.31,760.10
7.50E+12,NESCAFE DOLCA 12/46 GRS.,197.11,207.00
1632714,NESCAFE DOLCA 15/ 80 GRS.,400.01,420.00
, CREMAS Y CEPILLOS DENTALES ,,
7.51E+12,CEPILLO COLGATE PREMIER 6 PZAS.,44.26,47.00
7.70E+12,CEPILLO COLGATE PREMIER INFANTIL 12 PZAS,98.22,103.20
7423,CEPILLO DENTAL CLINIC 30 1/12 PZA.,36.04,39.00
7421,CEPILLO DENTAL CLINIC 40 1/12 PZA.,38.09,41.00
917024,CEPILLO DENTAL COLGATE 360ø 12 PZAS.,597.01,626.90
86494279,CEPILLO DENTAL ORAL-B CLASICO 40 SUAVE 12 PZAS.,225.01,236.30
7.50E+12,CEPILLO DENTAL PRO COMPACT 6 PZAS.,39.81,42.00
86472017,CEPILLO DENTAL PRO DOBLE ACCION 12 PZAS. *DURO,175.66,186.20
4930014,COLGATE JUNIOR MINIONS 12/75 ML.,311.01,326.60
2946,COLGATE LUMINOUS WHITE 48/125 GRS.,1926.00,2022.30
2605,COLGATE MAXIMA PROTECCION 144/22 ML.,998.90,1048.90
7.50E+12,COLGATE MAXIMA PROTECCION  144/50 ML.,1560.01,1638.00
2602,COLGATE MAXIMA PROTECCION 72/150 ML.,1945.25,2065.40
7.50E+12,COLGATE MAXIMA PROTECCION 72/100 ML.,1161.07,1219.20
1262,COLGATE MAXIMA PROTECCION 72/75 ML. (114 GRS.),977.60,1026.50
7.51E+12,COLGATE TOTAL 144/50 ML. CLEAN MINT,1435.01,1506.80
46007080,COLGATE TOTAL 36/2/100 ML. CLEAN MINT,2405.01,2525.30
16467,COLGATE TOTAL 72/150 ML. CLEAN MINT,2546.60,2674.00
2938,COLGATE TRIPLE ACCION 72/150 ML.,1799.99,1890.00
LCRDEN0000004,COLGATE TRIPLE ACCION 72/100 ML.,1027.25,1078.70
65899,COLGATE TRIPLE ACCION 72/75 ML.,789.01,828.50
78518,CREST 3D WHITE  24/ 53 ML. BRILLANT FRESH ,286.01,300.30
LCRDEN0000023,CREST COMPLETE 36/100 ML. LIMPIEZA PROFUNDA/ MENTA SUAVE,388.81,408.30
2609,FRESKA-RA 72/100 ML.,940.01,1008.00
, CEREALES ,,
12877,AVENA 3 MINUTOS BOTE 36/375 GRS. ,531.83,558.50
7.50E+12,AVENA 3 MINUTOS BOLSA 36/400 GRS.,383.01,402.20
36731013248,AVENA QUAKER INST. 12/475 GRS.,278.76,292.70
LCEREA0000004,CHOCO KRISPIS 28/290 GRS.,569.81,622.60
7.50E+12,CHOCO KRISPIS 24/660 GRS.,1078.01,1185.10
7.50E+12,CHOCO KRISPIS 50/38 GRS.,237.01,248.90
LCEREA0000012,CORN POPS 28/210 GRS.,656.33,689.20
LCEREA0000001,CORN FLAKES KELLOG'S 10/530 GRS.,302.01,317.10
7.50E+12,CORN FLAKES KELLOG'S 28/150 GRS.,308.01,333.90
7.50E+12,FROOT LOOPS 24/470 GRS.,1182.73,1241.90
LCEREA0000013,FROOT LOOPS 28/180 GRS.,654.09,686.80
750014292,KELLOG´S EXTRA 24/310 GRS. C/ALMENDRAS Y ARANDANOS,928.21,974.70
7.50E+12,KELLOG´S EXTRA 24/370 GRS. PASION C/CHOCOLATE,896.41,941.30
161602,"KELLOG´S SPECIAL ""K"" 16/620 GRS.",614.01,644.70
168513,NESTLE CHERRIOS MIEL ALMENDRA 14/480 GRS.,479.37,503.40
1683,NESTLE COOKIE CRISP 14/480 GRS.,457.94,480.90
1621001,NESTLE CORN FLAKES 14/560 GRS.,447.87,470.30
750103351,NESTLE FITNESS & FRUITS 18/350 GRS.    ,618.49,649.50
7.50E+12,NESTLE FITNESS 14/730 GRS.,650.01,682.50
3337053,NESTLE NESQUICK 18/330 GRS.,493.01,517.70
7.50E+12,NESTLE NESQUIK 14/720 GRS.   ,656.47,689.30
7506399019,NESTLE TRIX  14/480 GRS,657.01,689.90
40701,QUAKER INSTANT FRESAS 12/ 8 PZAS.,338.01,354.90
40703,QUAKER INSTANT MANZANA/CANELA 12/8 PZAS.,351.01,368.60
12124566,ALL BRAN PASAS 28/285 GRS.,775.61,814.40
7.50E+12,SPECIAL K 24/260 GRS.,637.01,668.90
7.50E+12,ZUCARITAS 16/740 GRS.,680.01,759.80
LCEREA0000015,ZUCARITAS 28/260 GRS.,530.01,556.50
7.50E+12,ZUCARITAS 50/30 GRS.,212.96,223.60
1616,SPECIAL K BOLSI-PACK 14/120 GRS.,188.03,198.00
22237,CHOCO KRISPIS BOLSIPACK 14/90 GRS.,147.57,155.00
, CAJETA ,,
75088175,CAJETA CORONADO 25/310 GRS. *VIDRIO* SURTIDA,620.01,651.00
88176,CAJETA CORONADO 25/370 GRS. SURTIDA *SQUEZZABLE,686.01,720.30
75088176,CAJETA CORONADO 12/660 GRS. SURTIDA *SQUEZZABLE,560.01,588.00
1501,CAJETA REAL POTOSI 25/310 GRS. SURTIDA,545.09,572.40
1505,CAJETA REAL POTOSI 16/640 GRS. SURTIDA,641.05,673.10
25551,CAJETA REAL POTOSI SQUEEZE 12/660 GRS. SURTIDA,466.40,489.80
7.50E+12,CREMA ALADINO CREMOSA 12/340 GRS.,458.03,481.00
7.50E+12,CREMA ALADINO SUAVE Y DULCE 12/340 GRS.,480.01,504.00
7.50E+12,CREMA ALADINO TROCITOS 12/340 GRS.,492.01,516.60
7.90E+11,CREMA NUTELLA 12/650 GRS.,949.56,1016.40
7.90E+11,CREMA NUTELLA 15/340 GRS.,745.20,798.00
80051671,CREMA NUTELLA 12/200 GRS. *MINI*,350.88,378.00
7.50E+12,MIEL KARO BEBE 12/500 ML.,345.51,362.80
750103911,MIEL KARO MAPLE 12/500 ML.,327.84,369.60
LCAJET0000005,MIEL KARO MAPLE 24/250 GRS.,448.21,470.70
7.50E+12,MIEL KARO PARA BEBE 24/250 GRS.,457.31,480.20
, CREMA PARA CALZADO ,,
7.50E+12,COLORFIEL 12/60 ML. BLANCA,61.36,67.00
7.50E+12,COLORFIEL 12/60 ML. CAFE,61.84,67.00
7.50E+12,COLORFIEL 12/60 ML. NEGRA,61.36,67.00
2709,NUGGET CERA LIQUIDA BLANCA 12/60 ML.,74.46,82.60
2705,NUGGET CERA LIQUIDA CAFÉ 12/60 ML.,79.01,82.60
2704,NUGGET CERA LIQUIDA NEGRO 12/60 ML.,70.01,82.60
, CHOCOLATE DE MESA ,,
7.50E+12,CHOC ABUELITA 24/540 GRS *6 PZA.,1060.01,1171.50
LCHOCM0000001,CHOC ABUELITA 24/360 GRS.,916.01,961.80
7.50E+12,CHOC ABUELITA INSTANTANEO 6/40 GRS.,24.24,25.50
74255,CHOC IBARRA 12/540 GRS *6 PZAS.,580.01,609.00
7.50E+12,CHOC MOCTEZUMA 10/25 PZA.,1332.38,1399.00
2009,CHOC MOCTEZUMA 24/10 TAB 400 GRS.,1300.40,1365.50
2014,CHOC MOCTEZUMA *CASERO* 12/6 TABLILLAS,564.93,593.20
20145,CHOC MOCTEZUMA CASERO 12/12 PZAS,1065.91,1119.20
, CONSOMES ,,
2419,CONSOMATE  24/12/11PZAS  SUPER 12,382.68,401.90
7.50E+12,CONSOMATE TIRA 12/24 PZAS.,738.12,775.20
7506195581,RIKO POLLO 8/20/33 GRS,385.01,540.80
2406,JUGO MAGGI SAZONADOR 12/100 ML.,286.21,300.60
2431,JUGO MAGGI SAZONADOR 24/200 ML.,1068.01,1121.40
6663,SALSA DE SOYA KIKOMAN 12/148 ML.,281.01,295.10
2987,SALSA MAGGI SOYA 24/100 ML.,321.29,337.40
7.50E+12,KNORR CAMARON 12/12 PZAS.,688.08,722.40
2416,KNORR COSTILLA JUGOSA 36/12 PZAS. 132 G.,754.01,791.70
2402,KNORR SUIZA 24/100 GRS.,298.01,312.90
2423,KNORR SUIZA BOLSA 18/200 GRS.,399.01,419.00
7.50E+12,KNORR SUIZA 6/50 PZAS.,620.04,651.00
2401,KNORR SUIZA SUPER 8 105 PZAS.,1168.01,1254.80
7.50E+12,KNORR TOMATE 12/24 PZAS.,734.76,774.00
750110679,SAZONADOR MI ARROZ DE KNORR 6/10/12 G. BLANCO,198.06,222.00
750110709,SAZONADOR MI ARROZ DE KNORR 6/10/17 G. ROJO,192.36,222.00
, CHOCOLATE EN POLVO ,,
7.51E+12,CAL-C-TOSE BOLSA 24/350 GRS.,650.01,682.50
7.51E+11,CAL-C-TOSE BOLSA 40/160 GRS.,575.01,603.80
7.50E+12,CAL-C-TOSE LATA 12/800 GRS.,837.42,879.30
2106,CAL-C-TOSE LATA 24/400 GRS.,776.01,814.80
2172,CAL-C-TOSE LATA 6/1.75 KGS.,795.01,834.80
7.50E+12,CHOC MORELIA PRESIDENCIAL 24/357 GRS.,445.01,467.30
7.50E+12,CHOCO CHOCO 24/180 GRS.,322.97,339.20
7.50E+12,CHOCO CHOCO 24/350 GRS.,520.01,546.00
7501062003,CHOCO KIWI 24/375 GRS.,415.01,435.80
41643,CHOCO MILK BOLSA 40/160 GRS.,585.01,614.30
7.51E+12,CHOCO MILK BOLSA G. 24/350 GRS.,620.01,651.00
2120,CHOCO MILK LATA 1.75 KGS. 6 PZAS. **,730.01,766.50
2109,CHOCO MILK LATA 400 GRS. 24 PZAS. **,795.01,834.80
7.51E+12,CHOCO MILK LATA 800 GRS. 12 PZAS. **,819.01,860.00
7.50E+12,CHOCO MILK SOBRE 20/22 GRS.,1080.20,1134.00
125546666,CHOCO ZUMA 24/400 GRS.,624.04,655.30
7.50E+12,NESQUICK SOBRE 12/10/14 GRS.,212.04,228.00
7.50E+12,NESQUIK BOLSA 10/ 200 GRS. CHOCOLATE ,142.14,149.30
1059261334,NESQUIK BOLSA 24/357 GRS. CHOCOLATE ,576.01,604.80
7.50E+12,NESQUIK BOLSA 12/357 GRS. FRESA ,295.58,326.60
1234,NESQUIK BOLSA  12/357 GRS. VAINILLA,295.58,321.30
7.50E+12,NESQUICK LATA CHOCOLATE 24/400 GRS.,629.88,661.40
LCHOCM0000052,XOCOCOATL CHOCOLATE 24/400 GRS.,511.64,537.30
LCHOCM0000056,XOCOCOATL CHOCOLATE 48/200 GRS.,511.64,537.30
, CONSERVAS ,,
2447,DURAZNOS MAXIMA EN ALMIBAR 12/820 GRS.,330.01,346.50
13669,DURAZNOS LA PRATERIA 24/820 GRS.,649.16,696.00
447566,DURAZNOS EN ALMIBAR KARINA 12/820 GRS.,333.51,350.20
24373,PIÑA EN ALMIBAR  SAN MARCOS 12/800 GRS.,339.01,356.00
23279,PIÑA EN ALMIBAR 24/850 GRS. LA PRATERIA REBANADAS,790.28,829.80
LCONSE0000008,PIÑA EN ALMIBAR 12/800 GRS. CLEMENTE REBANADA,340.01,357.00
2443,PIÑA EN ALMIBAR MAXIMA 24/800 GRS. REBANADA,662.44,695.60
558101,PIÑA EN ALMIBAR CLEMENTE 3 KGRS. TROCITOS,644.01,676.20
23281,PIÑA EN ALMIBAR LA PRATERIA 6/2.8 KG. *REBANADAS,705.61,740.90
23280,PIÑA EN ALMIBAR LA PRATERIA 6/3.03 KG. *TROZOS,592.71,622.40
7.50E+12,CHONGOS ZAMORANOS 12/1 KG.,655.01,687.80
23261,COCTEL DE FRUTAS LA PRATERIA 12/820 GRS.,400.64,420.70
2437,COCTEL DE FRUTAS MAXIMA 12/820 GRS.,400.64,420.70
, CHILES EN LATA ,,
7.50E+12,LA MORENA RAJAS ROJAS 40/100 GRS.,163.78,172.00
7.50E+12,LA MORENA RAJAS ROJAS 48/200 GRS.,351.75,369.40
7.50E+12,LA MORENA RAJAS VERDES 12/800 GRS.,263.01,276.20
7.50E+12,LA MORENA RAJAS VERDES 24/380 GRS.,271.07,284.70
7.50E+12,LA MORENA RAJAS VERDES 40/100 GRS.,159.74,167.80
7.50E+12,LA MORENA RAJAS VERDES 48/200 GRS. ,319.48,335.50
7.50E+12,LA MORENA RAJAS VERDES 6/2.8 KG,354.17,371.90
7.50E+12,LA MORENA CHIPOTLES 24/380 GRS.,511.49,537.10
7.50E+12,LA MORENA CHIPOTLES 40/100 GRS.,262.60,275.80
1909,LA MORENA CHIPOTLES 24/210 GRS. ,307.78,323.20
7.50E+12,LA MORENA JALAPEÑOS 12/800 GRS.,219.44,230.50
7.50E+12,LA MORENA JALAPEÑOS 24/380 GRS.,221.86,233.00
7.50E+12,LA MORENA JALAPEÑOS 48/200 GRS.,274.30,288.10
7.50E+12,LA MORENA JALAPEÑOS 6/2.8 KG.,233.96,243.40
750524034,LA MORENA DURAZNOS EN MITADES 12/820 GRS.,337.23,354.10
7501062701,LA MORENA FRIJOLES 12/440 G. BAYOS REF,95.20,100.00
75062854101,LA MORENA JAL RELLENOS DE PICADILLO 24/350 GRS.,525.20,551.50
75062854102,LA MORENA JAL RELLENOS DE QUESO 24/350 GRS.,455.82,478.60
750236125,LA MORENA ZANAHORIAS EN ESCABECHE 48/210 GRS.,245.26,257.60
, DETERGENTES ,,
7.50E+12,ACE *24/500 GRS. NATURALS  SABILA ,273.01,286.70
75010393,ACE 9/1 KG. ROJO *BLANCOS DIAMANTE,232.01,243.60
80286330,ACE ROJO 10/900 GRS.  ACCION INSTANTANEA,190.01,199.50
2993,ACE VERDE 18/900 KG.  NATURALS SABILA,304.51,319.80
75010394,ACE 18/500 GRS. ACTIBLU,246.01,262.50
2924,ACE 3/6 KG.,435.01,456.80
2425,ACE 6/3 KGS.,468.01,491.40
11259,ACE 36/250 GRS.,258.01,270.90
7.51E+12,ACE 48/250 GRS. VERDE NATURALS SABILA,293.01,307.70
750103210,ARIEL AROMA ORIGINAL 10/850 GRS,216.01,229.50
750149031,ARIEL AROMA ORIGINAL 9 /850 GRS MÁS 150 GRATIS,280.01,294.00
659373,ARIEL Q/G 36/250 GRS,300.01,315.00
20012123,ARIEL Q/G 18/500 GRS.,285.01,299.30
7509743,ARIEL Q/G 4/5 KG.*BULTO*,607.01,637.40
49736,ARIEL Q/G 6/3 KGS.,520.01,546.00
7.51E+12,AXION DET. 48/250 GRS.,288.01,302.40
7.51E+12,AXION DET. 24/500 GRS.,263.01,276.20
LDETER0000002,AXION DET. 14/900 GRS.,265.01,278.30
2989,AXION LIQUIDO 12/400 ML. LIMON,129.01,135.50
29891,AXION LIQUIDO 12/400 ML. NARANJA,173.01,181.70
29894,AXION LIQUIDO 12/400 ML. TRICLORO,173.01,181.70
7.51E+12,AXION LIQUIDO 12/750 ML. LIMON,272.53,286.20
655898,AXION LIQUIDO 12/750 ML. NARANJA,299.01,314.00
7.51E+12,AXION LIQUIDO 12/750 ML. TRICLORO,299.01,314.00
676416,AXION LIQUIDO 12/900 ML. LIMON,279.01,293.00
7.50E+12,BLANCA NIEVES 10 KG. *BULTO*,239.91,254.30
7.50E+12,BLANCA NIEVES 10/1 KG.,244.91,257.20
7.50E+12,BLANCA NIEVES 20/500 GRS.,248.01,260.40
7.50E+12,BLANCA NIEVES 4/5 KGS.,493.83,518.60
7.50E+12,BLANCA NIEVES 40/250 GRS.,246.24,258.60
125638,BLANCATEL DET. CITRICO 12/800 GRS.MULTIUS,165.01,173.30
1256394,BLANCATEL DET. FLORAL 12/800 GRS.,164.01,172.20
LDETER0000030,BLANCATEL DET. CITRICO  20/500 GRS.,170.01,178.50
7.51E+11,BOLD 3 *18/850 GRS. CARICIAS DE MAMA,270.01,283.50
7.51E+12,BOLD 3 *18/850 GRS. FLORES PARA MIS AMORES,270.01,283.50
619512556,BOLD 3 *18/850 GRS. SOLECITO DE PRIMAVERA,274.01,287.70
7.50E+12,BOLD 3 *24/500 GRS. FLORES PARA MIS AMORES,256.01,277.20
7.51E+12,BOLD 3 4/5 KGS. FLORES PARA MIS AMORES,378.01,396.90
7.50E+12,DET. LIQUIDO PINOL 12/1LT,210.97,229.90
LJALAV0000022,1-2-3 LIQUIDO MAXI EFECTO BOLSA 7/1 LT.,103.01,108.20
7502015003,EFICAZ LIQUIDO 12/350 ML. FRUTOS ROJOS,112.01,117.60
7502015002,EFICAZ LIQUIDO 12/350 ML. MANZANA ENERG.,112.01,117.60
7501021526,EFICAZ LIQUIDO 12/350 ML. LIMON ENERGIZ.,112.01,117.60
292623,DET. ARIEL LIQUIDO  12/1L POWER ,687.97,722.40
29263,DET. ACE LIQUIDO 12/1L  POWER,555.01,588.30
2921,FOCA 10/1 KG.,261.01,274.10
7.50E+12,FOCA 20/500 GRS.,262.01,275.10
7.50E+12,FOCA 4/5 KG.,517.86,543.80
7.50E+12,FOCA 40/250 GRS.,262.01,275.10
LDETER0000007,MAESTRO LIMPIO MULTIPODER 12/1 KG.,254.01,274.10
LDETER0000015,MAESTRO LIMPIO MULTIPODER 15/500 KG.,161.01,174.90
7.51E+12,MAESTRO LIMPIO MULTIPODER 32/250 KG.,178.01,186.90
6195175989,MAESTRO LIMPIO 10 KG. BULTO,189.01,200.40
75016506,CLORALEX DET. BLANCOS PERFECTOS 10/900 GRS,205.01,215.30
750105003,CLORALEX DET.FRESCURA NATURAL 10/900 G.,210.01,220.50
750105005,CLORALEX DET. BLANCOS PERFECTOS 20/500 G.,230.01,241.50
16504,PINOL DET.  FRESH 10/900 GR ,209.31,219.80
75016507,PINOL DET.  FLORAL 10/900,203.01,215.30
750105002,PINOL DET. 20/500 GRS. FRESH,230.01,241.50
750105004,PINOL DET. 20/500 GRS. FLORAL,230.01,241.50
LDETER0000013,DET PERSIL COLOR 18/500 GRS,227.01,238.40
7.50E+11,DET PERSIL ORO REGULAR 18/500 GR,227.01,238.40
7.50E+12,PERSIL 20/900 GRS.CLASICO,423.90,458.00
7.50E+12,PERSIL 20/900 GRS. COLOR,423.90,458.00
75011194408,PERSIL 20/900 GRS. BRISA DE FRESCURA,424.01,458.00
7.50E+12,PERSIL 20/900 GRS. C/ SUAVIZANTE FRESCURA FLORAL,423.90,445.10
75025912302,PREMIO MULTIUSOS 20/900 GRS.,316.01,331.80
17499035819,PREMIO DETERGENTE 9 KG.,123.01,130.40
7.50E+12,ROMA 10 KG. *BULTO*,248.41,263.40
7.50E+12,ROMA 10/1 KG.,249.01,261.50
7.50E+12,ROMA 20/500 GRS.,252.91,265.60
7.50E+12,ROMA 4/5 KG.,510.01,535.50
7.50E+12,ROMA 40/250 GRS.,249.91,262.40
LDETER0000009,SALVO 18/1 KG. ,425.01,451.50
75015569,SALVO 20/900 grs. ,430.01,488.30
7.51E+12,SALVO 24/500 GRS.  ,305.01,320.30
7.51E+12,SALVO 4/5 KG. ,481.51,505.60
750103664,SALVO 48/250 GRS.,322.01,344.50
11257,SALVO LIQUIDO LIMON 12/300 ML.,120.01,126.00
7.51E+12,SALVO LIQUIDO LIMON 12/750 ML.,285.11,299.40
112558,SALVO LIQUIDO LIMON 12/900 ML.,305.01,320.30
3444,UTIL 5 KGS.,81.01,86.70
1238803,UTIL 10 KGS. ,155.01,164.30
199422005,VIVA 18/500 GRS. REGULAR ,198.21,208.20
752624,VIVA 22/850 GRS. REGULAR ,391.01,410.60
7.50E+12,VIVA 4/5 KG. REGULAR ,430.92,452.50
, CERILLOS Y ENCENDEDORES ,,
7.50E+12,CERILOS DE MADERA FLAMA 50/5 PZAS,742.01,779.10
7910000007,CERILLOS MAYA 10/50 PZAS.,377.05,395.90
70330617285,ENCENDEDOR BIC *MINI* 15 PZAS.,124.36,130.10
70330617278,ENCENDEDOR BIC *GRANDE* 15 PZAS.,174.24,183.00
, ESPECIAS ,,
LESPEC0000009,VAINILLA 48/125 ML. PAISA ,205.91,218.30
8.59E+12,JUGOSO AL SARTEN 18/23.4 GRS. POLLO AL PIMENTON,222.01,233.10
8.59E+12,JUGOSO AL SARTEN 18/23.4 GRS. FINAS HIERBAS,226.97,238.40
7.50E+12,COND McCORMICK CANELA MOLIDA 12/63 GRS.,235.01,246.80
7.50E+12,COND McCORMICK ABLANDADOR 12/155 GRS.,137.01,143.90
7.50E+12,COND McCORMICK SABROSEADOR 12/117 GRS.,180.01,189.00
1003302042,COND McCORMICK SAL C/CEBOLLA 12/126 GRS,164.01,172.20
7.50E+12,COND McCORMICK PIMIENTA/NEGRA 12/64 GRS.,415.01,435.80
7.50E+12,COND McCORMICK SAL C/AJO 12/125 GRS.,153.61,161.30
7.50E+12,MI CAMPO CANELA MOLIDA 12/60 GRS.,183.71,192.90
7.50E+12,MI CAMPO PIMIENTA NEGRA MOLIDA 12/73 GRS.,343.11,360.30
3485,MI CAMPO SAL CON AJO 12/150 GRS.,133.41,140.10
7.50E+12,MI CAMPO SAL CON CEBOLLA 12/165 GRS.,110.56,117.60
7.50E+12,MI CAMPO SAZONADOR DE CARNES 12/130 GRS.,165.56,173.90
, FRIJOLES EN LATA ,,
7.50E+12,FRIJOLES ISADORA PERUANO REF 24/430 GRS,258.01,270.90
3935,FRIJOLES ISADORA BAYOS REF 24/430 GRS,254.89,267.70
7.50E+12,FRIJOLES LA SIERRA LATA BAYOS. REF.  24/440 GRS.,205.01,215.30
420602,FRIJOLES LA SIERRA C/CHIPOTLE 12/440 GRS.,140.01,147.00
750420602,FRIJOLES LA SIERRA C/CHORIZO 12/440 GRS.,140.01,147.00
420603,FRIJOLES LA SIERRA C/QUESO 12/440 GRS.,140.01,147.00
, FOCOS ,,
75014667721,FOCOS ECOVANTAGE 48/72W,630.01,661.50
3331,FOCOS ETCO 13 W 24 PZS ESPIRAL,608.32,638.80
3332,FOCOS ETCO 13 W 24 PZS ,403.69,423.90
3333,FOCOS ETCO 20 W 24 PZS,640.33,672.40
3334,FOCOS ETCO 23 W 24 PZS,672.35,706.00
75010880124,LAMPARA ETCO LUZ FRIA 24/7 WATTS,832.43,874.10
7501447603,FOCOS TWIST NEOLUX 12/ 13 WATTS.,319.11,335.10
33262,FOCOS TWIST NEOLUX 12/ 27 WATTS ,429.01,454.80
3326,FOCOS OSRAM DULUX 12/15 WATTS,337.21,354.10
,FOCOS OSRAM DULUX 12/20 WATTS,,
3301,FOCOS PHILLIPS TWISTER 60 WT 20/10 PZAS.,2376.00,2560.00
, GELATINAS ,,
LGELAT0000020,FLAN GARY 10/1 KG.,322.72,338.90
LGELAT0000021,FLAN GARY CARAMELO 24/190 GRS.,172.01,180.60
LGELAT0000019,FLAN GARY CHOCOLATE 50/140 GRS.,282.01,296.10
LGELAT0000022,FLAN GARY VAINILLA 50/140 PZAS.,256.01,268.80
7.35E+11,GEL GARY 50/140 GRS. ANIS,370.85,385.00
7.35E+11,GEL GARY 50/140 GRS. CHOCOLATE,370.85,385.00
7.35E+11,GEL GARY 50/140 GRS. DURAZNO,370.85,385.00
7.35E+11,GEL GARY 50/140 GRS. FRAMBUESA,370.85,385.00
7.35E+11,GEL GARY 50/140 GRS. FRESA,370.85,385.00
7.35E+11,GEL GARY 50/140 GRS. FRESA/LECHE 20 PZA,370.85,385.00
381108,GEL GARY 50/140 GRS. GROSELLA,370.85,385.00
7.35E+11,GEL GARY 50/140 GRS. JEREZ,370.85,385.00
7.35E+11,GEL GARY 50/140 GRS. LIMON,370.85,385.00
7.35E+11,GEL GARY 50/140 GRS. MANDARINA,370.85,385.00
7.35E+11,GEL GARY 50/140 GRS. MANZANA,370.85,385.00
7.35E+11,GEL GARY 50/140 GRS. MORA SILVESTRE,370.85,385.00
7.35E+11,GEL GARY 50/140 GRS. MANGO,370.85,385.00
7.35E+11,GEL GARY 50/140 GRS. NARANJA,370.85,385.00
7.35E+11,GEL GARY 50/140 GRS. NUEZ,370.85,385.00
381119,GEL GARY 50/140 GRS. PIÑA,370.85,385.00
381120,GEL GARY 50/140 GRS. PISTACHE,370.85,385.00
7.35E+11,GEL GARY 50/140 GRS. ROMPOPE,370.85,385.00
7.35E+11,GEL GARY 50/140 GRS. UVA,370.85,385.00
7.35E+11,GEL GARY 50/140 GRS. VAINILLA,370.85,385.00
7352570000,GEL GARY 50/140 GRS. CEREZA,370.85,385.00
7352570003,GEL GARY 50/140 GRS. COCO,370.85,385.00
75059272525,GEL GARY 50/140 GRS. CRISTALINA,370.85,385.00
75059272526,GEL GARY 50/140 GRS. LECHE CONDENSADA,370.85,385.00
7.35E+11,GEL GARY LIGHT 24/20 GRS. DURAZNO,176.16,199.00
LGELAT0000046,GEL GARY LIGHT 24/20 GRS. FRESA,176.16,199.00
7.35E+11,GEL GARY LIGHT 24/20 GRS. FRESA/LECHE,186.01,199.00
3945,GEL GARY LIGHT 24/20 GRS. JEREZ,176.16,199.00
7.35E+11,GEL GARY LIGHT 24/20 GRS. LIMON,176.16,199.00
7.35E+11,GEL GARY LIGHT 24/20 GRS. NARANJA,176.16,199.00
7.35E+11,GEL GARY LIGHT 24/20 GRS. NUEZ,186.01,199.00
LGELAT0000023,GEL GARY LIGHT 24/20 GRS. PIÑA,176.16,199.00
3959,GEL GARY LIGHT 24/20 GRS. ROMPOPE,176.16,199.00
7.35E+11,GEL GARY LIGHT 24/20 GRS. UVA,176.16,199.00
3944,GEL GARY LIGHT 24/20 GRS. VAINILLA,178.46,199.00
, GALLETAS GAMESA ,,
7.50E+12,ARCOIRIS GAMESA 10/670 GRS.,454.10,486.00
7.50E+12,BARRA DE COCO GAMESA 9/845 GRS.,353.07,378.00
7.50E+12,BIZCOCHITOS GAMESA 10/135 GRS.,67.01,71.00
7.50E+12,BOMBITOS GAMESA 10/135 GRS.,67.01,71.00
7.50E+12,CHOCOLATINES 10/375 GRS.,293.30,323.00
75004350029,CREMAX GAMESA CHOCOLATE 10/171 GRS,105.01,113.40
75004350026,CREMAX GAMESA FRESA 10/171 GRS,105.01,113.40
75004350027,CREMAX GAMESA VAINILLA 10/171 GRS,105.01,113.40
7.50E+12,EMPERADOR 12/486 GRS. CHOCOLATE,336.12,360.00
7.50E+12,EMPERADOR 12/486 GRS. COMBINADO,370.08,396.00
7.50E+12,EMPERADOR 12/486 GRS. NUEZ,335.16,384.00
7.50E+12,EMPERADOR 12/ 573 GRS. PIRUETAS,354.48,379.20
7.50E+12,EMPERADOR 12/486 GRS. VAINILLA,370.08,396.00
7.50E+12,FLOR DE NARANJO 12/600 GRS.,380.16,406.80
7.50E+12,FLORENTINAS CAJETA 12/332 GRS.,286.32,310.80
7.50E+12,FLORENTINAS FRESA 12/332 GRS.,286.32,310.80
75030253006,GALLETAS MACMA ESCOCES 12/330 GRS.,429.85,455.70
75030253005,GALLETAS MACMA GOFRENATA 12/150 GRS.,232.69,246.70
75030253008,GALLETAS MACMA WAFER NATA 12/150 GRS.,232.70,244.40
7.50E+12,MAMUT 12/8/30 GRS.,232.08,250.80
1211012,MARIAS GAMESA 12/850 GRS.,410.01,446.30
7.50E+12,MARIAS GAMESA 20/170 GRS.,132.01,138.60
7.50E+12,MARIAS GAMESA 12/150 GRS. AZUCARADAS,102.72,118.80
75010880123,POPULARES GAMESA 6/1 KG.,185.01,194.30
7.50E+12,SABROSAS CRACKETS *GRANDES 20/135 GRS.,156.71,164.60
7.50E+12,SABROSAS CRACKETS 20/95 GRS.,130.91,137.50
7.50E+12,SALADAS GAMESA 1.2 KG.,41.91,44.90
3501,SALADAS GAMESA 12/186 GRS.,107.01,112.40
7.50E+12,SALADAS GAMESA 20/137 GRS.,152.61,160.30
3531456,SALADAS TRES ESTRELLAS 20/175 GRS. ,92.01,96.60
LGAGAM0000002,SURTIDO RICO GAMESA 12/516 GRS. ,410.01,430.50
, GEL Y SPRAY ,,
3721,BRILLANTINA PALMOLIVE 12/52 ML,130.25,138.10
5671201,CREMA SEDAL 12/300 ML. ANTI SPONGE,253.21,265.90
5671202,CREMA SEDAL 12/300 ML. BRILLO GLOSS,330.01,348.80
5671206,CREMA SEDAL 12/300 ML. CERAMIDAS,262.01,275.10
5671207,CREMA SEDAL 12/300 ML. CRECIMIENTO FORTIFICADO,332.11,348.80
5671203,CREMA SEDAL 12/300 ML. LISO PERFECTO,253.21,265.90
5671208,CREMA SEDAL 12/300 ML. RESTAURACION INSTANTANEA,253.21,265.90
5671205,CREMA SEDAL 12/300 ML. RIZOS DEFINIDOS,253.21,265.90
56712033,CREMA SEDAL 12/300 ML. DETOX YUYA,290.01,304.50
56712034,CREMA SEDAL 12/300 ML. HIDRAT. ANTINUDOS,330.01,348.80
56712035,CREMA SEDAL 12/300 ML. KERATINA ANTIOXIDANTE,330.01,348.80
7505671211,CREMA SEDAL 12/300 ML. HIDRATACION LIGERA,290.01,304.50
7505671210,CREMA SEDAL 12/300 ML. FUERZA ANTI-QUIEBRE,290.01,304.50
7505671209,CREMA SEDAL 12/300 ML. REVITALIZACION Y FUERZA,290.01,304.50
7.50E+12,MOUSSE HERBAL ESSENCES 12/227 GRS. EXTRA ,480.61,510.00
LGELSP0000025,MOUSSE HERBAL ESSENCES 12/227 GRS. RIZOS,397.21,417.10
3715,GEL SUPER WET 24/250 GRS. TRANSPARENTE,169.53,179.70
12535,GEL SUPER WET JUMBO 6/1 KG.,144.76,152.00
3742,GEL SUPER WET MEGA TRANSP. 6/2 KGS.,219.86,230.90
7.50E+12,GEL XTREME 24/250 GRS. TRANSPARENTE   ,170.71,179.30
1330,GEL XTREME 12/450 GRS.,169.76,178.30
7.50E+12,GEL XTREME 3/2.2 KG.,121.26,127.40
37402,GEL XTREME GOOL 6/600 GRS. TRANSPARENTE,112.53,118.20
37112,GEL XTREME JUMBO 6/1 KG. TRANSPARENTE ,137.75,144.70
25563,GEL XTREME 18/260 GRS. EXT FIRME ICE,178.49,187.50
7.50E+11,GEL XTREME 18/260 GRS. EXT FIRME LADY,185.28,194.60
7.50E+11,GEL XTREME 18/260 GRS. EXT FIRME SABILA,178.49,187.50
7503716,GEL XTREME MEN  12/250 GRS  ATRATION POW,100.01,106.00
7503717,GEL XTREME  MEN  SQUEZ 18/260 GRS.ATTRACTION,239.01,251.00
LGELSP0000027,SPRAY CAPRICE 12/316 ML. ALGAS     ,340.32,365.00
LGELSP0000028,SPRAY CAPRICE 12/316 ML. CERAMIDAS ,340.33,356.00
LGELSP0000029,SPRAY CAPRICE 12/316 ML. SABILA-CHILE AGUACATE,340.32,365.00
LGELSP0000026,SPRAY CAPRICE 12/316 ML. GRANADA COLOR BRILL.,340.32,365.00
LGELSP0000023,SPRAY CAPRICE 12/316 ML. KIWI Y LAVAN  ,340.32,365.00
LGELSP0000014,SPRAY CAPRICE 12/316 ML. RIZOS DEFINIDOS,340.32,365.00
LGELSP0000024,SPRAY CAPRICE 12/316 ML. SABILA    ,340.32,365.00
750195061,SPRAY CAPRICE 12/316 ML. BIOTINA ,340.33,365.00
, HARINA ,,
16000409894,HARINA BETTY CROCKER CHOCOLATE FUDGE (OBSCURO) 12/517 GRS.,291.01,305.60
402607,HARINA BETTY CROCKER FRENCH VAINILLA 12/432 GRS.,291.01,305.60
402608,HARINA BETTY CROCKER GOLDEN VAINILLA 12/432 GRS.,291.01,305.60
9821,HARINA BETTY CROCKER RED VELVET 12/432 GRS.,291.01,305.60
16000430546,HARINA BETTY CROCKER YELLOW 12/432 GRS.,291.01,305.60
4013,HARINA DE ARROZ 3 ESTRELLAS 18/500 GRS.,171.01,179.60
7.50E+12,HARINA DE ARROZ 3 ESTRELLAS 36/250 GRS.,174.81,183.60
LHARIN0000001,HARINA GUADALUPE 10 KGS.,80.01,85.00
LHAPRE0000002,HARINA GUADALUPE 44 KGS.,345.01,362.30
750105810,HARINA GUADALUPE OPTIMA 10/1 KG.,97.01,101.90
LHARIN0000004,HARINA SELLO ROJO 10 KGS.,79.01,85.00
LHARIN0000005,HARINA SELLO ROJO 44 KGS.,330.01,350.00
7.50E+12,HARINA P/HOT CAKES GAMESA 10/850 KGS.,210.01,220.50
4001,HARINA P/HOT CAKES LA NEGRITA 10/500 GRS. *JEMINA,229.83,241.40
3918,NIXARINA P/ATOLES 20/250 GRS. ,165.01,173.30
3917,NIXARINA P/TAMALES 20/500 GRS. ,215.01,225.80
7.50E+12,MASECA 10/1 KG.,100.01,106.00
1121102,MASECA AZUL 10/1 KG,94.22,115.70
4074,MINSA 10/1 KG.,95.01,99.80
4075,MINSA AZUL 10/1 KG.,118.45,124.40
40721,BETUN P/PASTEL BETTY CROCKER CHOCOLATE,199.01,211.00
4072,BETUN P/PASTEL BETTY CROCKER VAINILLA,199.01,211.00
4010,ROYAL 48/110 GRS.,467.01,490.40
7.50E+12,ROYAL 48/220 GRS.,720.01,756.00
, HOJAS DE RASURAR ,,
LHRASU0000003,GILLETTE PRESTOBARBA 24/24 PZAS. AZUL,221.67,232.80
7.70E+12,GILLETTE PRESTOBARBA 3 10/1 PZA,144.71,152.00
7.51E+12,GILLETTE PRESTOBARBA ULTRAGRIP 3 12 PZAS.,116.11,122.00
61221,HOJAS GUILLETE 20/5 PZAS.,206.63,219.10
6.22E+12,HOJAS LORD 20/10 PZAS.,131.82,138.40
70330717541,RASTRILLO BIC CONFORT 3 MOV. MEN,126.01,132.30
70330727731,RASTRILLO BIC CONFORT 3 MOV. WOMEN,129.01,135.50
7.50E+12,RASTRILLO BIC CONFORT CLASICO 24 PZS. CONFOR 2,132.98,141.00
7.50E+12,RASTRILLO PERMA SHARP 12 PZAS.,58.61,61.60
, INSECTICIDAS ,,
7.50E+12,RAID MATA BICHOS 12/400 ML.,406.71,462.00
7.50E+12,RAID MAX 12/250 GRS. ,382.01,401.10
7501032005,RAID MAX EUCALIPTO 12/460 ML.,533.01,572.30
7.50E+12,RAID MAX 12/400 GRS.,495.01,519.80
7.50E+12,RAID PLAQUITAS 24/24 PZA.,838.01,914.10
LINSEC0000002,RAID VITROLERO 8/72PZS.,838.01,906.90
7.50E+12,RAIDOLITOS LAVANDA 24/12 PZAS.,229.21,254.60
7.50E+12,RAIDOLITOS VERDES 24/12 PZAS.,229.21,254.60
4214,BAYGON CASA Y JARDIN 12/400 ML.,312.01,327.60
7501032004,BAYGON CASA Y JARDIN EUCALIPTO 12/400 ML.,363.01,381.20
42111,BAYGON LIQUIDO 12/480 ML.,480.01,511.40
454881,BAYGON PLAQUITAS 24/20 PZAS.,715.79,751.60
43564,BAYGON PODER MORTAL SPRAY 12/400 ML.,449.01,471.50
7.50E+12,BAYGON ULTRA VERDE 12/400 ML.,390.01,434.80
7.50E+11,BAYGON ULTRA VERDE  12/400 ML. EUCALIPTO,473.01,496.70
7501022101,BAYGON ESPIRALES 6/48 PZAS.,255.01,267.80
43456,OKO AEROSOL CASA Y JARDIN AER 12/400 ML.,371.50,390.10
7.50E+12,OKO AEROSOL CLASICO *CHICO 12/230 ML.,286.30,300.70
3446,OKO AEROSOL MATA CUCARACHAS 12/400 ML,505.35,530.70
LINSEC0000005,OKO LIQUIDO GRANDE C/GATILLO 12/480 ML.,307.61,323.00
4213,RAID ACCION TOTAL 12/400 ML.,449.01,471.50
4206,RAID APARATO C/12/12 PLAQUITAS,474.73,503.30
7.50E+12,RAID CASA Y JARDIN 12/250 ML.,376.01,394.80
7.50E+12,RAID CASA Y JARDIN 12/400 ML.,360.01,426.30
LINSEC0000004,RAID CASA Y JARDIN 12/400 ML. *EUCALIPTO,410.01,430.50
490678,H24 CASA Y JARDIN 12/309 GRS,375.85,394.70
490675,H24 DOMESTICO 12/309 GRS.,294.67,309.40
490679,H24 PODER FULMINANTE 12/285 GRS,425.81,447.10
490680,H24 PODER TOTAL 24/342 GRS,905.14,950.40
490681,H24 MATA CUCARACHAS 12/285 ,383.37,402.60
490676,H24 VITROLERO 3/200 PZAS,409.28,429.80
490677,H24 PLAQUITAS 48/12 PZAS,479.87,503.90
490682,H24 VELA ANTIMOSQUITOS 12/160 GRS,252.38,265.00
75289,VELADORA CITRONELA 24/160 GRS *Mexico ,214.01,224.70
7528995,VEL MEXICO CITRONELA VIDRIO R. MOSCOS 20 PZAS.,216.01,226.80
7.50E+12,VAPE ESPIRALES VERDE 24/12 PZAS.,250.02,262.60
LINSEC0000006,VAPE ESPIRALES LAVANDA 24/12 PZAS. ,250.02,262.60
7.50E+12,VAPE ESPIRALES PAQ. 12/50 PZAS.,543.83,571.10
7.50E+12,VAPE ESPIRALES JUMBO 24/12 PZAS.,274.71,288.50
LINSEC0000003,VAPE TABLETAS MATS 24/24 PZAS.,513.27,539.00
7.50E+12,VAPE TABLETAS MATS 12/12 PZAS. + APARATO,250.58,263.10
LINSEC0000007,VAPE TABLETAS MATS VIT. 8/72 PZS ,513.27,539.00
242546,TOTAL COLOR 12/1 LT BOTELLA,315.95,331.80
242547,TOTAL COLOR 12/1 LT ECOPACK,268.25,281.70
242548,TOTAL COLOR 16/450 ML ECOPÁCK,195.21,205.00
73501,BACTERIN DESIFECTANTE 24/20ML,235.36,247.20
, JUGOS JUMEX ,,
7.50E+12,JUMEX AMI *5/3.9 LTS. CITRUS,106.52,121.80
7.50E+12,JUMEX AMI *5/3.9 LTS. MANGO,116.01,121.80
7.50E+12,JUMEX AMI *5/3.9 LTS. MANZANA,106.52,121.80
7.50E+12,JUMEX AMI *5/3.9 LTS. NARANJA,106.52,121.80
7.50E+12,JUMEX AMI *5/3.9 LTS. UVA,106.52,121.80
7.50E+12,JUMEX BIDA ** 12/1 LT. FRESA,108.21,122.50
7.50E+12,JUMEX BIDA ** 12/1 LT. GUAYABA,108.21,122.50
7.50E+12,JUMEX BIDA ** 12/1 LT. MANGO,108.21,122.50
7.50E+12,JUMEX BIDA ** 12/1 LT. MANZANA,108.21,122.50
7.50E+12,JUMEX BIDA ** 12/1 LT. UVA,108.21,122.50
7.50E+12,JUMEX BIDA ** 12/500 ML. FRESA,71.50,76.00
7.50E+12,JUMEX BIDA ** 12/500 ML. GUAYABA,71.70,76.00
7.50E+12,JUMEX BIDA ** 12/500 ML. MANGO,71.51,76.00
7.50E+12,JUMEX BIDA ** 12/500 ML. MANZANA,71.51,76.00
7.50E+12,JUMEX BIDA ** 12/500 ML. NARANJA,71.51,76.00
7.50E+12,JUMEX BIDA ** 12/500 ML. UVA,71.51,76.00
7.50E+12,JUMEX BIDA FRESA 10/200 ML.,32.01,35.00
7.50E+12,JUMEX BIDA GUAYABA 10/200 ML.,32.01,35.00
7.50E+12,JUMEX BIDA MANGO 10/200 ML.,30.01,35.00
7.50E+12,JUMEX BIDA MANZANA 10/200 ML.,32.01,35.00
7.50E+12,JUMEX BIDA UVA 10/200 ML,32.01,35.00
7.50E+12,JUMEX BIDA NARANJA 10/200 ML.,30.01,35.00
7.50E+12,JUMEX BOTELLIN 24/250 ML. DURAZNO,118.01,123.90
LJUMEX0000022,JUMEX BOTELLIN 24/250 ML. GUAYABA,118.01,123.90
7.50E+12,JUMEX BOTELLIN 24/250 ML. MANGO,118.01,123.90
7.50E+12,JUMEX BOTELLIN 24/250 ML. MANZANA,118.01,123.90
578788,JUMEX JUGOSA DURAZNO 24/450 ML.,169.01,179.30
7.50E+12,JUMEX JUGOSA GUAYABA 24/450 ML.,170.71,179.30
7.50E+12,JUMEX JUGOSA MANGO 24/450 ML.,170.71,179.30
7.50E+12,JUMEX JUGOSA MANZANA 24/450 ML.,170.71,179.30
7.50E+12,JUMEX LATA *24/250 ML. DURAZNO,121.48,128.00
7.50E+12,JUMEX LATA *24/250 ML. MANGO,121.48,128.00
7.50E+12,JUMEX LATA *24/250 ML. MANZANA,121.48,128.00
7.50E+12,JUMEX LATA 24/335 ML. DURAZNO,149.01,156.50
LJUMEX0000002,JUMEX LATA 24/335 ML. FRESA PLATANO,149.01,156.50
7.50E+12,JUMEX LATA 24/335 ML. GUAYABA,149.01,156.50
7.50E+12,JUMEX LATA 24/335 ML. MANGO,149.01,156.50
7.50E+12,JUMEX LATA 24/335 ML. MANZANA,149.01,156.50
75010932,JUMEX MINIBRICK 40/200 ML. DURAZNO,162.01,170.50
LJUMEX0000025,JUMEX MINIBRICK 40/200 ML. FRESA/PLATANO,162.01,169.10
LJUMEX0000026,JUMEX MINIBRICK 40/200 ML. GUAYABA ,161.01,169.10
75010918,JUMEX MINIBRICK 40/200 ML. MANGO ,161.01,169.10
75010925,JUMEX MINIBRICK 40/200 ML. MANZANA ,160.98,169.10
LJUMEX0000024,JUMEX MINIBRICK 40/200 ML. UVA,161.01,169.10
7.50E+12,JUMEX SPORT FRUTAS TROPICALES 12/600 ML.,100.01,120.00
7.50E+12,JUMEX SPORT LIMA LIMON 12/600 ML.,100.01,120.00
7.50E+12,JUMEX SPORT NARANJA 12/600 ML.,100.01,120.00
7.50E+12,JUMEX SPORT NARANJA TORONJA 12/600 ML.,100.01,120.00
LJUMEX0000029,JUMEX SPORT MANGO 12/600 ML.,116.01,120.00
7.50E+12,JUMEX SPORT UVA 12/600 ML.,100.01,120.00
7.50E+12,JUMEX SPORT MORA AZUL 12/600 ML.,100.01,120.00
7.50E+12,JUMEX TETRA 12/1 LT. DURAZNO,179.01,188.00
7.50E+12,JUMEX TETRA 12/1 LT. GUAYABA,179.01,188.00
7.50E+12,JUMEX TETRA 12/1 LT. MANGO,179.01,188.00
7.50E+12,JUMEX TETRA 12/1 LT. MANZANA,179.01,188.00
7.50E+12,JUMEX TETRA 12/1 LT. NARANJA,179.01,188.00
7.50E+12,JUMEX TETRA 12/1 LT. PIÑA,179.01,188.00
7.50E+12,JUMEX TETRA 12/1 LT. UVA,179.01,188.00
7.50E+12,JUMEX LATA BOTELLA 500 ML  DURAZNO ,112.01,117.60
7.50E+12,JUMEX LATA BOTELLA 500 ML  FRESA,119.01,125.00
7.50E+12,JUMEX LATA BOTELLA 500 ML  MANGO,112.01,117.60
7.50E+12,JUMEX LATA BOTELLA 500 ML  MANZANA,112.01,117.60
7.50E+12,JUMEX LATA BOTELLA 12/1 LT  DURAZNO,200.61,210.70
7.50E+12,JUMEX LATA BOTELLA 12/1 LT MANZANA,200.61,210.70
7.50E+12,JUMEX LATA BOTELLA 12/1 LT. MANGO,200.61,210.70
, JABON DE LAVANDERIA ,,
LJATOC0000023,1-2-3 BARRA 20/350 GRS. ANTIBACTERIAL,174.01,183.40
83743119816,1-2-3 BARRA 20/350 GRS. BIOLOGICO,174.61,183.40
99176263989,AXION PASTA 24/425 GRS,559.01,628.20
LJABLA0000002,BLANCATEL BARRA BLANCO 25/350 GRS.,253.01,265.70
LJABLA0000003,BLANCATEL BARRA ROSA 25/350 GRS.,220.01,231.00
7.46E+11,FLORAL 20/350 GRS.,194.01,231.60
7.50E+12,JABON VEL ROSITA BARRA 40/350 GRS.,415.01,435.80
7.46E+11,TORRE AMARILLO 20/350 GRS.,187.71,197.10
742554,TORRE CAFÉ 20/350 GRS.,128.01,139.80
7.46E+11,VACA EXTRA 20/350 GRS,185.01,216.30
4.50E+11,IBARRA 20/300 GRS SURTIDO,139.41,146.40
7.50E+12,ZOTE 25/400 GRS. AZUL,311.18,326.80
7.50E+12,ZOTE 25/400 GRS. BLANCO,311.18,326.80
7.50E+12,ZOTE 25/400 GRS. ROSA,298.01,312.90
7.50E+12,ZOTE 50/200 GRS. BLANCO,311.18,326.80
7.50E+12,ZOTE 50/200 GRS. ROSA,311.18,326.80
7.50E+12,ZOTE 60/100 GRS. ROSA,191.47,201.10
, JUGOS  ,,
55567,ADES MILK 40/200 ML. CHOCOLATE,221.01,232.10
7.50E+12,ADES FRUTAL 40/200 ML. DURAZNO,200.01,207.90
7.50E+12,ADES FRUTAL 40/200 ML. GUANABANA,193.01,207.90
7.50E+12,ADES FRUTAL 40/200 ML. MANGO,200.01,207.90
7.50E+12,ADES FRUTAL 40/200 ML. MANZANA,200.01,207.90
7.50E+12,ADES FRUTAL 40/200 ML. NARANJA,193.01,209.70
LJUOTR0000040,ADES FRUTAL 40/200 ML. UVA,192.01,207.90
7.50E+12,ADES MILK  CHOCOLATE 12/946 ML.,239.47,251.50
7501005102,ADES MILK  FRAPPE DE COCO 12/946 ML.,226.01,237.30
7.50E+12,ADES MILK FRESA 12/946 ML.,226.01,237.30
7.50E+12,ADES MILK NATURAL 12/946 ML.,239.77,251.80
LJUOTR0000068,ADES MILK NATURAL LIGHT 12/946 ML.,231.01,244.90
7.50E+12,ADES FRUTAL DURAZNO 12/946 ML.,193.01,207.90
7.50E+12,ADES FRUTAL GUANABANA 12/946 ML.,195.23,205.00
7.50E+12,ADES FRUTAL MANGO 12/946 ML.,193.01,207.90
7.50E+12,ADES FRUTAL MANZANA 12/946 ML.,193.01,207.90
7.50E+12,ADES FRUTAL NARANJA 12/946 ML.,189.01,200.30
7.50E+12,ADES FRUTAL UVA 12/946 ML.,187.26,200.30
6.13E+11,ARIZONA LATA  24/680 ML. KIWI FRESA,206.01,216.30
6.13E+11,ARIZONA LATA  24/680 ML. MANGO,206.01,216.30
6.13E+11,ARIZONA LATA  24/680 ML. FRAMBUESA,206.01,216.30
6.13E+11,ARIZONA LATA  24/680 ML. SANDIA,206.01,216.30
6.13E+11,ARIZONA LATA  24/680 ML. TÉ LIMON,206.01,216.30
6.13E+11,ARIZONA LATA  24/680 ML. TÉ VERDE,206.01,216.30
75010262,AGUA DE COCO CALAHUA ACAPULCOCO 18/330,111.39,117.00
LJUOTR0000001,CACTUS 16/500 ML. SURTIDO,77.01,80.90
AG0259,AGUA PUREZA VITAL NESTLE 12/1.5 LTS,69.86,73.40
7584024,ENERPLEX 12/600 ML. LIMON,103.79,109.00
7584023,ENERPLEX 12/600 ML. MANDARINA,103.79,109.00
7584026,ENERPLEX 12/600 ML. MORA AZUL,103.79,109.00
7584020,ENERPLEX 12/600 ML. NARANJA,103.79,109.00
7584025,ENERPLEX 12/600 ML. NARANJA - TORONJA,103.79,109.00
7584022,ENERPLEX 12/600 ML. PONCHE,103.79,109.00
7584021,ENERPLEX 12/600 ML. UVA,103.79,109.00
AG0258,NESTLE AGUA PUREZA VITAL 24/500 ML.,69.14,72.60
45435,NESTLE AGUA PUREZA VITAL 6/300 ML. LIMON,28.81,30.50
45434,NESTLE AGUA PUREZA VITAL 6/300 ML. MANZANA,28.81,30.50
45436,NESTLE AGUA PUREZA VITAL 6/300 ML. UVA,28.81,30.50
45437,NESTLE AGUA PUREZA VITAL 6/300 ML. NARANJA,28.81,30.50
45438,NESTLE AGUA PUREZA VITAL 6/300 ML. MANGO,28.81,30.50
7481,COCTEL CLAMATO AZUL 12/473 ML.,156.51,164.40
7479,COCTEL CLAMATO AZUL 24/296 ML.,198.01,207.90
LJUGD00000050,COCTEL KERMATO 8/1.8 LTS.,255.01,267.80
LCONSO0000001,COCTEL KERMATO 12/950 LT.,240.01,252.00
4720,COCTEL KERMATO 12/250 ML.,76.51,80.50
4721,COCTEL KERMATO 12/470 ML.,128.01,134.40
750103482,COCTEL PACIFIC MIX CLAN 12/ 1LT.,229.29,243.10
750103481,COCTEL PACIFIC MIX CLAN 6/4 LTS.,442.01,464.10
472045822,COCTEL KOCTELAZO 24/473 ML.,229.45,241.00
472045823,COCTEL KOCTELAZO 12/946 ML.,214.09,224.80
472045824,COCTEL KOCTELAZO 6/1.89 LTS.,193.51,203.20
7500151104,V-8 HERDEZ VERDURAS LATA 24/335 ML.,140.31,147.40
LJUOTR0000004,GATORADE *** 12/1 LT. LIMA LIMON,176.01,195.30
LJUOTR0000007,GATORADE *** 12/1 LT. LIMONADA,176.01,195.30
LJUOTR0000010,GATORADE *** 12/1 LT. PONCHE DE FRUTAS,176.01,195.30
LJUOTR0000011,GATORADE *** 12/1 LT. UVA,176.01,195.30
LJUOTR0000006,GATORADE ***12/1 LT. FRESANDIA,185.73,195.30
LJUOTR0000005,GATORADE ***12/1 LT. NARANJA,176.01,195.30
LJUOTR0000012,GATORADE CH. 24/600 ML. FRESA-SANDIA,294.01,324.30
LJUOTR0000013,GATORADE CH. 24/600 ML. LIMA-LIMON,293.37,324.30
LJUOTR0000016,GATORADE CH. 24/600 ML. NARANJA,293.37,324.30
LJUOTR0000017,GATORADE ROSCA 24/500 ML. LIMA-LIMON,252.01,307.00
LJUOTR0000018,GATORADE ROSCA 24/500 ML. LIMONADA,252.01,307.00
LJUOTR0000021,GATORADE ROSCA 24/500 ML. NARANJA,252.01,307.00
LJUOTR0000022,GATORADE ROSCA 24/500 ML. PONCHE ,252.01,307.00
LJUOTR0000023,GATORADE ROSCA 24/500 ML. UVA,252.01,307.00
7.50E+12,JUGO GERBER 1RA ETAPA 24/118 ML. DURAZNO,231.89,282.60
75003580,JUGO GERBER 1RA ETAPA 24/118 ML. MANZANA,191.01,200.60
75003801,JUGO GERBER 1RA ETAPA 24/118 ML. PERA,188.88,198.40
4719,JUGO GERBER 2DA ETAPA 24/175 ML. MANZANA,269.08,282.60
7.50E+12,JUGO GERBER 2DA ETAPA 24/175 ML. PERA,269.08,282.60
7502015001,MEGA LIMON JUGO CONC. LIMON 12/1 LT.,192.84,202.50
9.00E+12,RED BULL 24/355 ML.,706.01,750.10
31200454567,JUGO OCEAN SPRAY ARANDANO 12/1 LT.,232.01,243.60
31200454574,JUGO OCEAN SPRAY ARANDANO/UVA 12/1 LT.,244.01,256.20
7.51E+12,VIVE 100 ENERGIZANTE LATA 24/355 ML,189.01,206.00
75010556101,VIVE 100 ENERGIZANTE 24/340 ML. MANZANA FRESH,195.81,200.00
LJUOTR0000078,VIVE 100 ENERGIZANTE 24/340 ML. GUARANA,180.01,200.00
LJUOTR0000073,VOLT BEBIDA LATA 12/473 ML.,104.92,111.50
LJUOTR0000074,VOLT BEBIDA LATA 12/473 ML. BLUE ENERGY,104.92,111.50
7.50E+12,V-8 SPLASH 12/473 ML.  SURTIDO,106.01,111.30
, JEREZ ,,
7.50E+12,JEREZ TRES CORONAS 12/1 LTO.,660.01,693.00
7.50E+12,JEREZ TRES CORONAS 4/4 LTS.,530.01,570.20
, JABON DE TOCADOR ,,
7502584411,CAMAY CLASICO 72/150 GRS.,710.01,745.50
750258441,CAMAY SENSACION FLORAL 72/150 GRS.,759.01,797.00
750258442,CAMAY DELICADEZA FLORAL 72/150 GRS.,710.01,745.50
4453,DOVE JABON BABY 48/75 GRS.,616.90,647.80
750103726,DOVE JABON BLANCO 48/135 GRS.,640.01,672.00
7.51E+12,ESCUDO *ROSA ANTIBACTERIAL 72/160 GRS.,729.01,904.10
4574,ESCUDO 72/180 GRS. AZUL ,760.01,798.00
7.50E+12,ESCUDO 72/160 GRS. BLANCO ,729.01,904.10
7.50E+12,JABON DE TOCADOR IBARRA MIX 40/125 GRS.,212.21,224.80
12388000319,LIRIO 50/150 GRS. DERMATOLOGICO,366.01,384.30
4448,LIRIO 50/150 GRS. NEUTRO,363.01,384.30
4404,LIRIO DERMATOLOGICO 100/100 GRS.,489.01,513.50
12388000081,LIRIO NEUTRO 100/100 GRS.,489.01,513.50
LJATOC0000014,NEUTRO BALANCE 96/110 GRS.,1008.72,1059.20
4446,NEUTRO BALANCE 72/150 GRS.,870.01,918.60
4437,PALMOLIVE NATURALS VERDE 64/150 GRS.,500.01,525.00
7.51E+12,PALMOLIVE CLASICO ACEITE DE OLIVA 96/110 GRS,558.01,585.90
7.51E+12,PALMOLIVE NATURALS *72/150  GRS. COCO ALGODÓN,700.01,790.00
7.51E+12,PALMOLIVE NATURALS *72/160  GRS. GRANADA,780.48,864.00
LJATOC0000012,PALMOLIVE NATURALS *72/160  GRS. LAVANDA Y CREMA,728.01,790.00
LJATOC0000033,PALMOLIVE NATURALS *72/160  GRS. YOGHURT/JALEA,728.01,790.00
54548401,PALMOLIVE NATURALS *72/160  GRS. MENTA/EUCALIPTO,728.01,790.00
750548402,PALMOLIVE NATURALS *72/150  GRS.ACEITE DE ALMENDRAS,708.24,790.00
750548403,PALMOLIVE NATURALS *72/150  GRS. YOGHURT/FRUTAS,708.01,790.00
4439,PALMOLIVE NATURALS VERDE 96/110 GRS.,760.01,798.00
750392,ZEST 72/150 GRS. ACQUA VITAMINA E,540.01,567.00
75095132195,ZEST **AQUA 96/100 GRS. SENSACION HIDRATANTE,690.01,724.50
44353,ZEST 72/150 GRS. AGUACATE & OLIVA,640.01,678.40
7508938326,ZEST 72/150 GRS. ALMENDRA - AVENA,594.01,635.10
44355,ZEST 72/150 GRS. AZUCAR - LIMON,820.80,861.90
44354,ZEST 72/150 GRS. CONCHA NACAR,604.80,635.10
7504738225,ZEST 72/150 GRS. MANZANILLA - LECHE,604.80,635.10
44356,ZEST 72/150 GRS. MIEL-YOGURT,650.01,682.50
7508938325,ZEST 72/150 GRS. SABILA CON PEPINO,650.01,682.50
7501060701,ZEST 72/150 GRS. IMPRESIONES FRESCURA MARINA FOR MAN,650.01,682.50
, LECHES ,,
4957,CREMA CAMPBELL'S CHAMPIÑONES 24/300 GRS.,420.01,441.00
4958,CREMA CAMPBELL'S ELOTE 24/300 GRS.,415.01,441.00
24368,CREMA DE COCO CALAHUA 24/480 GRS,402.01,422.10
7.50E+12,LA LECHERA CHICA 48/100 GRS.,321.01,374.00
7.50E+12,LA LECHERA BOLSA 24/90 GRS.,137.04,151.20
7.50E+12,LA LECHERA BOLSA 24/190 GRS.,233.28,249.60
7.50E+12,LA LECHERA GRANDE 48/387 GRS.,640.01,735.00
7.50E+12,LA LECHERA SIRVE FACIL 18/335 ML.,400.01,420.00
7.50E+12,LECHE ALPURA DESLACTOSADA 12/1 LT.,190.01,199.50
7.50E+12,LECHE ALPURA DESLACTOSADA LIGHT  12/1 LT.,190.01,199.50
7.50E+12,LECHE ALPURA LIGHT 12/1 LT. ,189.51,199.00
7.50E+12,LECHE ALPURA SEMIDESCREMADA 12/1 LT.,189.01,199.00
LLECHE0000002,LECHE AMANECER ULTRAPASTEURIZADA 6/900 ML.,44.01,48.00
7.50E+12,LECHE CLAVEL 12/1 LT. **,355.01,372.80
59240688,LECHE CLAVEL EN POLVO 24/480 GRS.,894.71,939.50
75030253004,LECHE  CALAHUA NATURAL TETRA 6/1 LT.,148.66,156.10
75030253003,LECHE CALAHUA ALMENDRA COCO TETRA 12/1 LT.,150.16,157.70
4801,LECHE CLAVEL LATA 48/378 ML.,480.01,525.00
7.50E+12,LECHE FORTILECHE 12/1 LT.,142.01,149.10
7.50E+12,LECHE LALA DESLACTOSADA 12/1 LT.,180.01,189.50
7.50E+12,LECHE LALA DESLACTOSADA LIGHT 12/1 LT.,177.01,189.50
7.50E+12,LECHE LALA ENTERA 12/1 LT.,165.01,177.90
7.50E+12,LECHE LALA LIGHT 12/1 LT.,165.01,177.90
7.50E+12,LECHE LALA SEMIDESCREMADA 12/1 LT.,165.01,177.90
8.24E+11,LECHE MAXIMA 12/1 LT.,122.01,128.10
7.50E+12,LECHE NAN 1 12/720 GRS.,2122.01,2228.10
7.50E+12,LECHE NAN 1 12/360 GRS.,1187.01,1239.00
7.50E+12,LECHE NAN 2 12/720 GRS.,1972.01,2070.60
7.50E+12,LECHE NAN 2 12/360 GRS.,1026.14,1077.45
4875,LECHE NAN 3 12/720 GRS.,1690.01,1774.50
4877,LECHE NAN 3 12/360 GRS.,869.37,912.85
LLECHE0000007,LECHE NIDO NESTLE NUTRI-RINDES 24/480 GRS.,880.01,942.00
LLECHE0000008,LECHE NIDO NESTLE NUTRI-RINDES 36/240 GRS.,678.01,711.90
LLECHE0000010,LECHE NIDO NESTLE NUTRI-RINDES 12/120 GRS.,119.72,125.70
7.50E+12,LECHE NIDO ENTERA *SOBRE 12/120 GRS.,143.21,150.40
4812,LECHE NIDO ENTERA 12/840 GRS.,1030.01,1081.50
7.50E+12,LECHE NIDO ENTERA 24/360 GRS.,946.01,993.30
7.50E+12,LECHE NIDO ENTERA 6/1.6 KG.,1035.01,1086.80
7.50E+12,LECHE NIDO ENTERA 6/2.2 KG.  ,1283.01,1347.20
7.50E+12,LECHE NIDO PRE-ESCOLAR 3-5 AÑOS 12/800 GRS.,1056.01,1108.80
7.50E+12,LECHE NIDO PRE-ESCOLAR 3-5 AÑOS 6/1.5 KG.,924.01,970.20
7.50E+12,LECHE NIDO DESLACTOSADA 12/800 GRS.,1187.01,1246.40
125569,LECHE NIDO KINDER *SOBRE 12/144 GRS.,227.93,239.40
21215,LECHE NIDO KINDER 12/800 GRS.,1040.01,1102.50
7.50E+12,LECHE NIDO KINDER 24/360 GRS.,1050.01,1102.50
LLECHE0000001,LECHE NIDO KINDER 6/1.5 KGS.,840.01,1075.30
7.50E+12,LECHE NUTRILECHE 12/1 LT.,152.01,160.70
LLECHE0000005,MALTEADA NESQUICK 27/240 ML CHOCOLATE,157.72,165.60
7.50E+12,MALTEADA 27/236 ML. HERSHEY'S CHOCOLATE,146.01,153.30
7.50E+12,MALTEADA HERSHEY'S  27/236 ML. CHOCO- BANANA,146.34,162.00
7.50E+12,MALTEADA 27/236 ML. HERSHEY'S FRESA,146.01,153.30
7.50E+12,MEDIA CREMA NESTLE 24/225 GRS.,238.01,249.90
750100161,MEDIA CREMA NESTLE 27/190 GRS *CAJITA ,208.49,221.60
7.50E+12,MI LECHE 12/1 LT.,145.01,152.30
, LIMPIADORES ,,
4938,ACIDO MURIATICO SULTAN 20/400 ML.,182.01,191.10
7.50E+12,AJAX 12/1 LT. AMONIA ,235.01,246.80
7.51E+12,AJAX 12/1 LT. EXPEL,261.80,274.90
4960,AJAX 48/388 GRS. BICLORO ,615.01,645.80
7.50E+12,BREF 15/1 LT. AZUL  BRILLANTE FRESCO,218.26,229.20
7.50E+12,BREF 15/1 LT. PINO BRILLANTE,218.26,229.20
491012,BRASSO 12/900 ML. BEBE,95.01,108.00
LLIMPI0000017,BRASSO 12/900 ML. BRISA DE OCEANO,95.01,108.00
7.50E+12,BRASSO 12/900 ML. FRESCURA CITRICA,95.01,108.00
491014,BRASSO 12/900 ML. FRUTAS BOSQUE/EXOTI,95.01,108.00
49016,BRASSO 12/900 ML. FRESCURA SILVESTRE,95.01,108.00
49017,BRASSO 12/900 ML. PERF DELICIA FLORAL,95.01,108.00
7.50E+12,BRASSO 12/900 ML. LAVANDA,95.01,108.00
491018,BRASSO 12/900 ML. TENTACION FRUTAL,95.01,108.00
491015,BRASSO 12/900 ML. PERF PUREZA ACTIVA,95.01,108.00
6934,EASY-OFF AEROSOL 12/411 GRS.,847.24,889.60
7.50E+12,EASY-OFF PASTA 12/238 GRS.,300.01,315.00
7.51E+12,FABULOSO ** LAVANDA 24/500 ML.,214.01,230.50
7.51E+12,FABULOSO ** MAR FRESCO 24/500 ML.,214.01,230.50
7.51E+12,FABULOSO ** FRESCO AMANECER 24/500 ML.,214.01,230.50
4906,FABULOSO 12/1 LT. ALTERNATIVA AL CLORO,157.01,174.30
49051,FABULOSO 12/1 LT. ENERGIA NARANJA ,157.01,174.30
750954685,FABULOSO 12/1 LT. FRESCA MENTA Y ORQUIDEA,157.01,174.30
7.51E+12,FABULOSO 12/1 LT. FRESCO AMANECER,157.01,174.30
7.51E+12,FABULOSO 12/1 LT. LAVANDA ,166.01,174.30
7.51E+12,FABULOSO 12/1 LT. MAR FRESCO,157.01,174.30
4962,FABULOSO 12/1 LT. PASION DE FRUTAS,157.01,174.30
75095400202,FABULOSO COMPLETE  12/828 ML. MENTA,175.01,192.20
75095400201,FABULOSO COMPLETE  12/828 ML. PINO Y EUCALIPTO,175.01,192.20
493025,FLASH ACCION P. 15/1 LT. AQUA,135.01,141.80
493026,FLASH ACCION P. 15/1 LT. MORAS,135.01,141.80
49281,FLASH 12/1.25 LT. ACEITE DE PINO,135.01,141.80
4927,FLASH 12/1 LT. BRISA MARINA,113.01,120.00
4928,FLASH 12/1 LT. FLORAL,113.01,120.00
4929,FLASH 12/1 LT. LAVANDA,113.01,120.00
4935,FLASH 12/1 LT. LIMON,113.01,120.00
4948,FLASH 20/500 ML. BRISA MARINA,115.01,130.20
4949,FLASH 20/500 ML. FLORAL,115.01,130.20
4954,FLASH 20/500 ML. LAVANDA,114.68,130.20
4931,FLASH PASTILLA 50/65 GRS. LAVANDA,453.85,476.60
7.50E+12,MICRODYN DESINFECTANTE 12/15 ML.,117.67,123.60
6925,PASTILLA AROMATIZANTE ZEUS 50 PZAS.,267.51,280.90
7.50E+12,PASTILLA PATO PURIFIC MR MUSCULO 12/40 G,160.01,168.00
4168,PINOL 15/828 ML.,193.01,206.90
4924,PINOL 20/500 ML.,176.01,189.00
75010254,PINOL 20/250 ML.,117.01,122.90
7.50E+12,"PINOL 6/3,750 ML.",347.72,365.10
7.50E+12,PINOL 8/2 LTS.,228.01,239.40
49556,PINOL AROMAS 12/828 ML. FLORAL ,158.01,166.00
LLIMPI0000019,PINOL AROMAS 12/828 ML. FRUTAL,159.01,166.00
495501,PINOL AROMAS 12/828 ML. FRESH,158.01,166.00
495503,PINOL AROMAS 12/828 ML. ENERGY,159.01,166.00
495502,PINOL AROMAS 12/828 ML. RELAX,158.01,166.00
49558,PINOL AROMAS 12/828 ML. LAVANDA,159.01,166.00
49557,PINOL AROMAS 12/828 ML. MARINO,159.01,166.00
49555,PINOL AROMAS 20/500 ML. FLORAL,181.61,190.70
49554,PINOL AROMAS 20/500 ML. LAVANDA,181.61,190.70
49553,PINOL AROMAS 20/500 ML. MARINO,181.61,190.70
15491,PLEDGE MADERAS 12/378 ML.,594.01,623.70
15492,PLEDGE SACUDIDOR 12/354 GRS.,540.01,567.00
6462,POETT 12/900 ML. BEBE,110.01,116.00
64633,POETT 12/900 ML. BOSQUE DE BAMBU,110.01,116.00
6466,POETT 12/900 ML. FRESCURA FRUTAL,110.01,116.00
6589,POETT 12/900 ML. LAVANDA,110.01,116.00
64637,POETT 12/900 ML. PRIMAVERA ,110.01,116.00
64638,POETT 12/900 ML. LOVEVOLUTION,116.01,121.80
6464,POETT 12/900 ML. SUAVIDAD DE ALGODON,110.01,116.00
78101,POETT 8/1.8 ML. BAMBU,146.01,152.00
7899,POETT 8/1.8 ML. BEBE,133.01,152.00
7897,POETT 8/1.8 ML. LAVANDA,133.01,152.00
781025,POETT 8/1.8 ML. LOVEVOLUTION.,133.01,152.00
7896,POETT 8/1.8 ML. PRIMAVERAL,135.01,152.00
4909,PRINCIPE AZUL C/BROCHA 32/450 GRS.,405.01,425.30
4926,PRINCIPE AZUL S/BROCHA 32/450 GRS.,370.01,399.60
69351,VANISH 14/925 ML.,285.01,299.30
6937,VANISH 12/450 ML.,115.01,120.80
4974,MR. MUSC ANTIGRASA 12/750 ML. COCINA TOTAL,375.01,393.80
6927,WINDEX MR MUSC LIMPIA VIDRIOS 12/750 ML.,325.01,341.30
, MARISCOS ENLATADOS ,,
7.50E+12,ATUN DOLORES 48/140 GRS. EN ACEITE,622.01,656.20
7.50E+12,ATUN DOLORES 48/140 GRS. EN AGUA,622.01,656.20
LMAREN0000004,ATUN DOLORES ACEITE *GRANDE* 24/295 GRS.,689.91,725.00
LMAREN0000005,ATUN DOLORES AGUA *GRANDE* 24/295 GRS.,689.91,725.00
LMAREN0000006,ATUN DOLORES 24/140 GRS ENSALADA,296.01,313.80
7.50E+12,ATUN DOLORES  24/140 GRS.CHIPOTLE,230.01,241.50
750101,ATUN EL DORADO ACEITE 48/140 GRS,420.01,483.00
750100,ATUN EL DORADO AGUA 48/140 GRS,460.01,483.00
7.50E+12,ATUN HERDEZ EN ACEITE 48/140 GRS.,650.01,682.50
7.50E+12,ATUN HERDEZ EN AGUA 48/140 GRS.,650.01,682.50
75010330122,ATUN KARINA 24/140 GRS. EN ACEITE,210.01,220.50
75010330123,ATUN KARINA 24/140 GRS. EN AGUA,210.01,220.50
7.50E+12,ATUN NAIR 24/140 GRS. ACEITE,270.01,285.00
LMAREN0000002,ATUN NAIR 24/130 GRS. AGUA,270.01,285.00
75010261,SARDINA DOLORES 24/425 GRS.,520.01,546.00
LMAREN0000007,SARDINA GUAYMEX 24/425 GRS.,532.01,558.60
LMAREN0000009,SARDINA YAVAROS 24/425 GRS.,480.01,504.00
, MOLES Y MERMELADAS ,,
7.50E+12,MERMELADA CLEMENTE JACQUES 12/470 GRS.,234.01,245.70
7.50E+12,MERMELADA CLEMENTE JACQUES 24/270 GRS.,274.61,288.40
7.50E+12,MERMELADA DE FRESA DEL MONTE 12/470 GRS.,219.01,230.00
7.50E+12,MERMELADA DE FRESA DEL MONTE 24/270 GRS.,287.51,301.90
7.50E+12,MERMELADA DE FRESA MCCORMICK 12/500 GRS.,235.01,246.80
75010254536,MOLE DOÑA MARIA ROJO  4 KG,218.01,228.90
5303,MOLE ROJO DOÑA MARIA 24/125 GRS.,295.01,309.80
7.50E+12,MOLE ROJO DOÑA MARIA 24/235 GRS.,515.01,540.80
7.50E+12,MOLE DOÑA MARIA VERDE 24/230 GRS.,598.01,627.90
, MANTECAS ,,
51503,MANTECA DE CERDO ANGEL 13 KGS.,262.01,275.50
515112,MANTECA DE CERDO ANGEL 3 KGS.,63.51,70.00
515113,MANTECA DE CERDO ANGEL 800 GRS.,21.01,23.50
5113,MANTECA CAMPANA 23 KGS.,404.81,429.00
51502,MANTECA CERDO CUATRO MILPAS CUB 12.5 KGS.,245.01,257.50
LMANTE0000002,MANTECA CUATRO MILPAS 3 KGS.,80.01,85.00
5119,MANTECA STA LUCIA 24 KG.,475.21,499.00
7.50E+12,MANTECA VEGETAL INCA 12/1 KG.,331.01,347.60
7.50E+12,MANTECA VEGETAL INCA 24/500 GRS.,402.01,422.10
, MAYONESAS Y MOSTAZAS ,,
7.50E+12,ADEREZO HELLMANN'S 4/3.8 L.,278.01,291.90
5318,ADEREZO CLEMENTE J. TIPO CESAR 12/237 ML.,180.01,189.00
7.50E+12,ADEREZO CLEMENTE J. MIL ISLAS 12/237 ML.,193.76,203.50
1052470065,ADEREZO CLEMENTE J. 12/237 ML ITALIANA,180.01,189.00
14782,MAY McCORMICK 64 6/1.4 KGS.     ,432.01,453.60
7.50E+12,MAY McCORMICK 16 12/390 GRS.,265.01,278.30
7.50E+12,MAY McCORMICK 32 12/725 GRS.,470.01,508.70
7.50E+12,MAY McCORMICK 4 24/105 GRS.,195.01,204.80
7.50E+12,MAY MCCORMICK 8 24/190 GRS.,300.01,325.50
58965,MAY McCORMICK INST. 4/2.8 KG,519.01,545.00
7.50E+12,MAY McCORMICK LIGHT SQUEEZE 12/350 GRS.  ,230.01,241.50
5315,MAY McCORMICK SQUEEZE 12/320 GRS.  ,232.01,243.60
7.50E+12,ADEREZO McCORMICK SQUEZZE 12/350 GRS.  ,199.93,210.00
75030253002,ADEREZO DE MAYONESA STAR VAL BOL 12/950 G,160.04,169.70
7.50E+12,MOSTAZA McCORMICK 8 24/210 GRS.,208.01,218.40
5204,MOSTAZA McCORMICK 4 24/115 GRS.,151.95,159.60
, PAÑAL DESECHABLE ,,
5416,ABSORSEC R.N. 8/14,205.01,215.50
21252,ABSORSEC CHICO 4/40 PZAS.,305.01,327.00
7.50E+12,ABSORSEC GRANDE 4/40 PZAS.,345.01,365.00
7.50E+12,ABSORSEC JUMBO 4/40 PZAS.,380.01,399.00
7.50E+12,ABSORSEC MEDIANO 4/40 PZAS.,300.01,319.00
5019,ABSORSEC MEDIANO 6/14 PZAS.,184.95,194.20
3360,ABSORSEC GRANDE 6/14 PZAS,211.87,222.50
3359,ABSORSEC JUMBO 6/14PZAS.,243.01,255.20
5785,AFFECTIVE ACTIVE GRANDE 4/10 PZAS.,267.20,280.60
5786,AFFECTIVE ACTIVE MEDIANO 4/10 PZAS.,214.05,224.80
5788,AFFECTIVE ADVANCED GRANDE 8/10 PZAS.,689.26,723.80
5461,AFFECTIVE PREDOBLADO ADU.6/10 PZAS.,274.00,287.70
50222,BBTIPS ETAPA 2 CHICO 4/40 PZAS.,356.51,374.40
50214,BBTIPS ETAPA 3 MEDIANO 4/40 PZAS.,405.01,425.30
50213,BBTIPS ETAPA 4 GRANDE 4/40 PZAS.,469.74,493.30
50211,BBTIPS ETAPA 5 JUMBO 4/40 PZAS,542.98,570.20
50212,BBTIPS ETAPA 6 EXTRA GRANDE 4/40 PZAS,612.01,642.60
57100,CALZON HUGGIES PULL-UPS APRENDISEC NIÑA 4TA. ETAPA 4/25 P.,461.01,484.10
57104,CALZON HUGGIES PULL-UPS APRENDISEC NIÑO 4TA. ETAPA 4/25 P.,461.01,484.10
57977,CALZON HUGGIES PULL-UPS APRENDISEC NIÑA 5TA. ETAPA 4/25 P.,508.81,534.30
579474,CALZON HUGGIES PULL-UPS APRENDISEC NIÑO 5TA. ETAPA 4/25 P.,513.30,534.30
57101,HUGGIES * RECIEN NACIDO AH. 8/24 PZAS.,495.01,519.80
57102,HUGGIES ETAPA 1 * AH. 8/24 PZAS.,519.01,545.00
12361,HUGGIES ETAPA 2 * AH. 6/38 PZAS.,760.01,798.00
55301,HUGGIES ETAPA 3 AHORRA NIÑA 6/36 PZAS.,803.01,821.10
55302,HUGGIES ETAPA 3 AHORRA NIÑO 6/36 PZAS.,803.01,843.20
5225,HUGGIES ETAPA 4 AHORRA NIÑA 6/36 PZAS.,903.01,948.20
5224,HUGGIES ETAPA 4 AHORRA NIÑO 6/36 PZAS.,903.01,948.20
5231,HUGGIES UL TRACONFORT ETAPA 5  NIÑA 8/31 PZAS.,1195.01,1254.80
5232,HUGGIES ETAPA 5 AHORRA NIÑO 8/31 PZAS.,1195.01,1254.80
5226,HUGGIES ETAPA 6 AHORRA NIÑA 8/31 PZAS.,1279.01,1343.00
5227,HUGGIES ETAPA 6 AHORRA NIÑO 8/31 PZAS.,1279.01,1343.00
571032,HUGGIES SUPREME NAT 1 6/38 PZAS.,682.01,716.10
52292,HUGGIES SUPREME NAT 2 6/38 PZAS.,808.01,848.40
52293,HUGGIES SUPREME NAT 3 NIÑA 5/36 PZAS.,782.01,821.10
52297,HUGGIES SUPREME NAT 3 NIÑO 5/36 PZAS.,782.01,821.10
52294,HUGGIES SUPREME NAT 4 NIÑA 5/36 PZAS.,944.05,991.30
52296,HUGGIES SUPREME NAT 4 NIÑO 5/36 PZAS.,879.01,991.30
522100,HUGGIES SUPREME NAT 5 NIÑA 5/36 PZAS.,1005.01,1055.30
579901,HUGGIES SUPREME NAT 5 NIÑO 5/36 PZAS.,1005.01,1055.30
579902,HUGGIES SUPREME NAT RN 8/ 24 PZAS.,620.01,651.00
5781,KIDDIES AHORRA CHICO 4/40 PZAS.,330.91,347.50
5783,KIDDIES AHORRA GRANDE 4/40 PZAS.,455.36,478.20
5784,KIDDIES AHORRA JUMBO 4/40 PZAS.,529.78,556.30
5782,KIDDIES AHORRA MEDIANO 4/40 PZAS.,388.47,407.90
50216,KIDDIES CHICO  6/12 PZAS,183.01,192.20
50217,KIDDIES MEDIANO  6/12 PZAS,213.28,224.00
50218,KIDDIES GRANDE  6/12 PZAS,249.74,262.30
16603,KIDDIES JUMBO 6/12 PZAS,293.78,308.50
646464564,KIKOLASTIC AD. FRESH PREDOBLADO 6/10 PZAS,246.70,259.10
7.50E+12,KIKOLASTIC FRESH ACTIVO 4/10 PZAS,212.29,222.90
57882,KIKOLASTIC CHICO 12/14 PZAS.,235.94,258.50
5441,KIKOLASTIC MEDIANO 12/14 PZAS.,276.35,302.50
57881,KIKOLASTIC GRANDE 12/14 PZAS.,322.72,353.50
5479,KIKOLASTIC JUMBO 12/14 PZAS.,358.00,389.00
5447,KIKOLASTIC CHICO 6/40 PZAS.,320.19,350.50
5446,KIKOLASTIC MEDIANO 6/40 PZAS.,375.29,410.90
5445,KIKOLASTIC GRANDE 6/40 PZAS.,439.21,478.00
44454,KIKOLASTIC JUMBO 6/40 PZAS.,480.57,524.00
5795,QUERUBIN GEL PEQUEÑO 4/40PZAS,226.54,237.90
57961,QUERUBIN GEL MEDIANO 4/40PZAS,257.08,270.00
57962,QUERUBIN GEL GRANDE 4/40PZAS,269.42,282.90
57963,QUERUBIN GEL EXTRAGRANDE 4/40PZAS,321.94,338.10
5700,SUAVELASTIC 8/14 PZAS. CHICO ,238.01,249.90
145623,SUAVELASTIC 6/14 PZAS. MEDIANO,248.01,260.40
5493,SUAVELASTIC 6/14 PZAS. GRANDE ,255.01,280.00
5410,SUAVELASTIC 6/14 PZAS. JUMBO,287.71,302.10
5787,SUAVELASTIC 4/38 PZAS. CHICO,350.01,368.00
54172,SUAVELASTIC 4/42 PZAS. MEDIANO,408.01,440.00
11154,SUAVELASTIC 4/42 PZAS. GRANDE ,438.01,460.00
54152,SUAVELASTIC 4/42 PZAS. JUMBO,482.01,515.00
1255556,SUAVELASTIC RECIEN NACIDO 8/17 PZAS.,292.01,306.60
57994,TINY CHICO 4/38 PZAS.,245.01,257.30
57995,TINY MEDIANO 4/38 PZAS.,225.95,239.50
57996,TINY GRANDE 4/38 PZAS.,254.74,270.10
57997,TINY JUMBO 4/38 PZAS.,288.11,305.40
LPADE0000040,BEBIN MEDIANO 4/40 PZAS.,257.78,273.30
LPADE0000042,BEBIN GRANDE 4/40 PZAS.,292.88,307.60
LPADE0000041,BEBIN EXTRAGRANDE 4/40 PZAS.,361.57,379.70
LPADE0000012,TENA CONFORT GRANDE 4/10 PZAS.,265.01,278.30
LPADE0000013,TENA CONFORT MEDIANO 4/10 PZAS.,209.01,219.50
LPADE0000002,TENA PANTS GRANDE 6/10 PZAS.,760.01,798.00
LPADE0000003,TENA PANTS MEDIANO 6/10 PZAS.,550.01,577.50
LPADE0000004,TENA SLIP GRANDE 6/10 PZAS.,522.01,548.10
LPADE0000005,TENA SLIP MEDIANO 6/10 PZAS.,435.01,456.80
, PAPEL DE ENVOLTURA ,,
7.50E+12,ALUMINIO NEZZE * 50 MTS. *,29.93,32.10
5503,ALUMINIO NEZZE 24/7 MTS.,117.60,123.50
5501,ALUMINIO REYNOLDS 24/7.6 MTS.,463.21,486.40
574652,PLASTICO ADHERENTE EMPACK  No. 30  24 PZAS,285.01,299.30
, PAPEL HIGIENICO ,,
5650,HIG. ADORABLE 400'S 20/4 PZAS.,347.73,365.20
57993,HIG. ADORABLE 550'S 8/6 PZAS.,265.74,279.10
LPAHIG0000011,HIG. REGIO R3 ALMOND TOUCH 12/4 PZAS.,241.37,253.50
5642,HIG. HORTENSIA MEGAPACK 400'S 24/4 PZAS.,446.99,469.40
LPAHIG0000003,HIG. IRIS 160´S 24/4 PZAS.,186.83,196.20
58742,HIG. BIG QUALITY 8/6 PZAS.,273.01,286.70
LPAHIG0000008,HIG. BIG FACIAL QUALITY 425´S 12/4 PZAS.,210.01,228.00
75010258033,HIG. BIG ROLL PLUS 550´S 12/4 PZAS.,258.47,271.40
LPAHIG0000004,HIG. ELITE 10/4 PZAS. 300 hojas,144.96,152.20
75010258034,HIG. BIG ROLL PLUS 550´S 8/6 PZAS.,258.47,271.40
5649,HIG. LOVLY 400 HD 12/4 PZAS.,242.01,254.10
56008,HIG. MAXIMA PREMIUM 400'S 12/4 PZAS.,219.31,230.30
5635885,HIG. TENDER MAXIMA 375´S 12/4 PZAS,155.01,162.80
75010364822,HIG. REGIO AIRES DE FRESC 600´S 6/4 PZAS.,145.01,173.90
750227022,HIG. PETALO U.RESISTENTE REN. TOTAL 10/4 PZAS.,200.01,210.00
75010258032,HIG. PREMIER MEGA 400´S 12/4 PZAS.,212.45,223.10
LPAHIG0000010,HIG. REGIO 300 HD 12/4 PZAS. AIRES DE FRESCURA,176.01,184.80
5800,HIG. REGIO 400'S 18/4 PZAS.,330.01,346.50
75010364589,HIG. REGIO MEGA RINDE MAS 500'S 4/6 PZAS.,138.01,145.00
58748,HIG. SUAVEL 10/4 Pzs 300 HOJAS,143.01,150.20
5690,HIG. SUAVEL 3/24 PZAS. DECORADO,203.01,213.20
5695,HIG. SUAVEL 4 Paq. de 12 Rollos,136.01,142.80
5635,HIG. VOGUE 400 HOJAS 24/4 PZAS.,433.01,462.00
5645,HIG. VOGUE 600'S 12/4 PZAS.,279.01,305.00
5624,PAÑUELOS KLEENEX BOLSI PACK 24/8 PZAS.,414.01,434.70
5611,PAÑUELOS KLEENEX CJA. 72/90 PZAS.,819.01,860.00
, PILAS ,,
41333001029,"PILA DURACELL ""9V"" CUADRADA 12 PZAS.",73.11,78.30
LPILAS0000023,"PILA DURACELL ""AA""  20/6 PZAS",49.51,53.00
LPILAS0000013,"PILA DURACELL ""AAA"" 10/6 PZAS.",52.59,56.30
, REFRESCOS ,,
LJUGDI0000026,BIG CITRUS 6/3 LTS. NARANJA,90.31,94.90
124519,BIG COLA 6/3.03 LTS.,90.31,94.90
LREFRE0000161,BIG SABOR 6/2.25 LTS. MANZANA,51.61,54.20
LREFRE0000162,BIG SABOR 6/2.25 LTS. NARANJA,51.61,54.20
LREFRE0000164,BIG SABOR 6/2.25 LTS. TORONJA,51.61,54.20
7.62E+12,TANG ENDULZADO **12/8/15 GRS. FRESA,266.88,294.00
7.62E+12,TANG ENDULZADO **12/8/15 GRS. HORCHATA ,262.08,294.00
7.62E+12,TANG ENDULZADO **12/8/15 GRS. JAMAICA,269.16,294.00
7.62E+12,TANG ENDULZADO **12/8/15 GRS. LIMON,269.16,294.00
7.62E+12,TANG ENDULZADO **12/8/15 GRS. MANDARINA,269.16,294.00
7.62E+12,TANG ENDULZADO **12/8/15 GRS. MANGO ,269.16,294.00
1.21E+12,TANG ENDULZADO **12/8/15 GRS. MELON,269.16,294.00
7.62E+12,TANG ENDULZADO **12/8/15 GRS. NARANJA,269.16,294.00
7.62E+12,TANG ENDULZADO **12/8/15 GRS. PIÑA,269.16,294.00
7.62E+12,TANG ENDULZADO **12/8/15 GRS. TAMARINDO,269.16,294.00
7.62E+12,TANG ENDULZADO **12/8/15 GRS. UVA,269.16,294.00
7.80E+12,ZUKO 12/8/15 GRS. COCO,259.08,276.00
7.80E+12,ZUKO 12/8/15 GRS. FRESA,259.08,276.00
7.80E+12,ZUKO 12/8/15 GRS. GUANABANA,259.08,276.00
7.80E+12,ZUKO 12/8/15 GRS. GUAYABA,259.08,276.00
7.50E+12,ZUKO 12/8/15 GRS. HORCHATA,259.08,276.00
780212113,ZUKO 12/8/15 GRS. JAMAICA,259.08,276.00
780212112,ZUKO 12/8/15 GRS. LIMON,259.08,276.00
7.80E+12,ZUKO 12/8/15 GRS. MANDARINA,259.08,276.00
7.80E+12,ZUKO 12/8/15 GRS. MANGO,259.08,276.00
7.80E+12,ZUKO 12/8/15 GRS. MANZANA,259.08,276.00
7.80E+12,ZUKO 12/8/15 GRS. MELON,259.08,276.00
7.80E+12,ZUKO 12/8/15 GRS. NARANJA,259.08,276.00
7.80E+12,ZUKO 12/8/15 GRS. PIÑA,259.08,276.00
7.80E+12,ZUKO 12/8/15 GRS. PIÑA COLADA,259.08,276.00
7802800455,ZUKO 12/8/15 GRS. SANDIA,259.08,276.00
7802800453,ZUKO 12/8/15 GRS. TAMARINDO,259.08,276.00
7.80E+12,ZUKO 12/8/15 GRS. UVA,259.08,276.00
, ROMPOPES ,,
5926,ROMPOPE CORONADO 12/500 ML.,687.12,721.50
5903,ROMPOPE CORONADO 12/900 ML.,952.01,999.60
, SAL ,,
6001,SAL BAKARA 20/1 KGR.,156.01,163.80
6015,SAL CARMEN 20/1 KG,147.86,155.30
6069,SAL DE GRANO CISNE 20/1 KG,145.96,153.30
6068,SAL CISNE 20/1 KG.,157.30,165.20
6004,SAL COLIMA DE GRANO 50 KG.,131.61,140.00
65089556201,SAL DE GRANO PEGASO 50 KG.,123.21,174.00
4556666,SAL LA FINA 20/1 KG. **BOLSA**,153.91,162.00
6005,SAL LA FINA BOTE 12/1 KG.,130.01,136.50
6007,SAL LA FINA BOTE 16/250 GRS.,111.93,117.60
6016,SAL LA FINA BOTE 12/120 GRS *MINI,61.01,64.10
LASALE0000002,SAL ROCHE MOLIDA 50 KG.,184.01,193.20
, SEMILLAS ,,
7.50E+12,PALOMITAS ACT II ** EXTRA MANT. 6/14 PZAS,525.06,563.40
LSEMYG0000002,PALOMITAS ACT II ** MANTEQUILLA 6/14 PZAS,525.06,563.40
LSEMY00000003,PALOMITAS ACT II ** NATURAL 6/14 PZAS.,525.06,563.40
7.50E+12,PALOMITAS ACT II **QUESO JALAPEÑO 4/15/95 GRS,480.04,509.60
7.50E+12,PALOMITAS ACT II **CHILE/LIMON  4/15/95 GRS,485.04,509.60
76150220346,PALOMITAS ACT II 9/184 GRS. CARAMELO,541.56,568.80
, SHAMPHOO EXHIBIDOR ,,
7501068,HEAD & SHOULDERS 2 EN 1 *24/24/10 ML.  *SOBRE*,864.24,984.00
7.51E+12,PALMOLIVE OPTIMS  NIVEL 4 *24 PZAS. *SOBRE*,834.48,888.00
7.50E+12,PANTENE 2 EN 1 *24/10 ML. *SOBRE*,807.84,936.00
7.79E+12,SH. SEDAL CERAMIDAS 12/24 PZAS. *SOBRE*,250.92,276.00
, SOPAS INSTANTANEAS ,,
6608,KNORR ARROZ A LA MEXICANA 12/160 GRS.,217.01,227.90
6624,KNORR ARROZ A LA POBLANA 12 PZAS.,231.01,242.60
6623,KNORR ARROZ BLANCO 12/160 GRS.,188.01,197.40
6609,KNORR SOPA 12/95 GRS. ESTRELLITAS,85.01,89.50
6610,KNORR SOPA  12/95 GRS. FIDEOS,79.11,89.50
6611,KNORR SOPA  12/95 GRS. FIDEOS Y POLLO,85.01,89.50
6612,KNORR SOPA  12/95 GRS. LETRAS,85.01,89.50
6616,KNORR SOPA  12/95 GRS. CODITOS,85.01,89.50
41789901980,MARUCHAN 12/64 GRS. C/CHILE,77.01,82.50
41789901897,MARUCHAN 12/64 GRS. C/HABANERO,77.01,82.50
6631,MARUCHAN 12/64 GRS. C/LIMON,80.01,82.50
6602,MARUCHAN 12/64 GRS. CAMARON,80.01,82.50
41789901911,MARUCHAN 12/64 GRS. POLLO,77.51,82.50
6603,MARUCHAN 12/64 GRS. RES,80.01,82.50
, SOPAS DE PASTA ,,
7.50E+12,LA MODERNA 20/200 GRS. ALMEJA,75.33,79.10
7.50E+12,LA MODERNA 20/200 GRS. CARACOL 1,75.33,79.10
7.50E+12,LA MODERNA 20/200 GRS. CARACOL 2,75.33,79.10
7.50E+12,LA MODERNA 20/200 GRS. CARACOL 3,75.33,79.10
7.50E+12,LA MODERNA 20/200 GRS. CARACOL 4,75.33,79.10
7.50E+12,LA MODERNA 20/200 GRS. CODO 1,75.33,79.10
7.50E+12,LA MODERNA 20/200 GRS. CODO 2,75.33,79.10
7.50E+12,LA MODERNA 20/200 GRS. CODO 3,75.33,79.10
7.50E+12,LA MODERNA 20/200 GRS. CODO 4,75.33,79.10
7.50E+12,LA MODERNA 20/200 GRS. CORBATA,75.33,79.10
7.50E+12,LA MODERNA 20/200 GRS. CORONA,75.33,79.10
7.50E+12,LA MODERNA 20/200 GRS. CRINOLINA,75.33,79.10
7.50E+12,LA MODERNA 20/200 GRS. ENGRANE,75.33,79.10
7.50E+12,LA MODERNA 20/200 GRS. ESTRELLA,75.33,79.10
7.50E+12,LA MODERNA 20/200 GRS. FIDEO 0,75.33,79.10
7.50E+12,LA MODERNA 20/200 GRS. FIDEO 1,75.33,79.10
7.50E+12,LA MODERNA 20/200 GRS. FIDEO 2,75.33,79.10
7.50E+12,LA MODERNA 20/200 GRS. HONGO,75.33,79.10
7.50E+12,LA MODERNA 20/200 GRS. LENGUA,75.33,79.10
7.50E+12,LA MODERNA 20/200 GRS. LENTEJA,75.33,79.10
7.50E+12,LA MODERNA 20/200 GRS. LETRA,75.33,79.10
7.50E+12,LA MODERNA 20/200 GRS. MACARRON,75.33,79.10
750101831,LA MODERNA 20/200 GRS. MACARRON LARGO,75.33,79.10
7.50E+12,LA MODERNA 20/200 GRS. MOÑITO,75.33,79.10
7.50E+12,LA MODERNA 20/200 GRS. MOÑO,75.33,79.10
7.50E+12,LA MODERNA 20/200 GRS. MUNICION,75.33,79.10
7.50E+12,LA MODERNA 20/200 GRS. OJITO,75.33,79.10
7.50E+12,LA MODERNA 20/200 GRS. PLUMA,75.33,79.10
LSPAST0000007,LA MODERNA 20/200 GRS. SOMBRERO,75.33,79.10
7.50E+12,LA MODERNA 20/200 GRS. SPAGHETY,75.33,79.10
7.50E+12,LA MODERNA 20/200 GRS. TALLARIN 1,75.33,79.10
7.50E+12,LA MODERNA 20/200 GRS. TALLARIN 2,75.33,79.10
7.50E+12,LA MODERNA 20/200 GRS. TORNILLO,75.33,79.10
LSPAST0000017,LUCCHETTI 20/200 GRS. FIDEO 0,81.01,84.50
LSPAST0000019,LUCCHETTI 20/200 GRS. FIDEO 2,81.01,84.50
LSPAST0000025,LUCCHETTI 20/200 GRS. LETRA,81.01,84.50
LSPAST0000027,LUCCHETTI  20/200 GRS. CODITO 2,75.47,84.50
LSPAST0000018,LUCCHETTI 20/200 GRS. SPAGHETTI,71.97,84.50
LSOPAS0000005,PASTA VESTA 20/160 GRS. CARACOL,61.01,64.10
LSPAST0000016,PASTA VESTA 20/160 GRS. CODITO,57.95,64.10
LSPAST0000012,PASTA VESTA 20/160 GRS. CODO MEDIANO,57.95,64.10
LSPAST0000013,PASTA VESTA 20/160 GRS. CORBATITA,61.01,64.10
LSPAST0000011,PASTA VESTA 20/160 GRS. FIDEO MEDIANO,57.95,64.10
LSPAST0000015,PASTA VESTA 20/160 GRS. PLUMA,57.95,64.10
LSPAST0000010,PASTA VESTA 20/160 GRS. SPAGHETTI,57.95,64.10
75010885101,SOPA YEMINA 24/200 GRS. CODO,101.01,106.00
75010885102,SOPA YEMINA 24/200 GRS. CODO LISO 1,101.01,106.00
75010885103,SOPA YEMINA 24/200 GRS. CODO LISO 2,101.01,106.00
75010885104,SOPA YEMINA 24/200 GRS. FIDEOS MEDIANOS ,102.01,106.00
75010885107,SOPA YEMINA 24/200 GRS. PENETTE,101.01,106.00
75010885105,SOPA YEMINA 24/200 GRS. PLUMILLAS,101.01,106.00
75010885106,SOPA YEMINA 24/200 GRS. SPAGHETTI,102.01,106.00
, SUAVIZANTES DE ROPA ,,
6738,BLANCA NIEVES LIQUIDO 12/1 LT.,241.96,254.10
67398,DOWNY LIBRE ENJ. 9/1.5 LTS.ELEGANCE,299.76,314.80
67399,DOWNY LIBRE ENJ. 9/1.5 LTS.FLOR DE LUNA *ROMANCE,318.01,333.90
75004350025,DOWNY LIBRE ENJ. 9/1.4 PZAS A. FLORAL,304.01,319.20
75004350030,DOWNY LIBRE ENJ. 9/1.4 PZAS PUREZA SILVESTRE,304.01,319.20
67400,DOWNY LIBRE ENJ. 9/1.5 LTS.PASSION *TANGO ,299.01,314.00
6740,DOWNY LIBRE ENJUAGUE *12/450 ML.,120.01,126.00
588693,DOWNY LIBRE ENJUAGUE 12/800 ML BRISA FRESCA,208.01,218.40
42143,DOWNY PERFUME C. 9/750 ML. ROMANCE,150.88,165.50
6751,DOWNY LIBRE ENJUAGUE 12/800 ML. PUREZA S.,208.01,218.40
6741,DOWNY LIBRE ENJUAGUE 12/800 ML. ROSA F.,202.01,212.10
42144,DOWNY PERFUME C. 9/750 ML. PASSION,150.01,165.50
42141,DOWNY PERFUME C. 9/750 ML. ELEGANCE,151.51,165.50
6816,DOWNY LIBRE ENJUAGUE FLORAL 6/2.8 LTS.,371.01,389.60
6792,ENSUEÑO *12/450 ML. FRESCURA PRIMAVERAL COLOR,97.61,108.70
67941,ENSUEÑO *12/450 ML. BEBE,102.41,108.70
6817,ENSUEÑO 12/850 ML. FRESCO VERANO *PROT. COLOR,143.01,156.50
6869,ENSUEÑO 12/850 ML. FRESCURA PRIMAVERAL *PROT. COLOR,143.01,156.50
75068225,ENSUEÑO 12/850 ML. COLOR ALOHA MAUI,143.01,156.50
4219,ENSUEÑO 12/850 ML. NAT. ALMENDRA/AVENA,143.01,156.50
42192,ENSUEÑO 12/850 ML. NAT. COCO/KARITE,143.01,156.50
4221,ENSUEÑO 12/850 ML. NAT. MANZANILLA/ALOE,143.01,156.50
4220,ENSUEÑO 12/850 ML. NAT. PEPINO/BAMBU,143.01,156.50
6819,ENSUEÑO 12/850 ML. ZERO BEBE,143.01,156.50
6825,ENSUEÑO 12/850 ML. ZERO FRESCO ARMONIA,143.01,156.50
6823,ENSUEÑO 12/850 ML. ZERO FRESCO VERANO,143.01,156.50
6821,ENSUEÑO 12/850 ML. ZERO FRESCURA PRIMAVERAL,143.01,156.50
6818,ENSUEÑO 12/850 ML. ZERO ROCIO DE VIOLETAS,143.01,156.50
6822,ENSUEÑO 12/850 ML. ZERO SENSACION NATURAL,143.01,156.50
7.50E+12,ENSUEÑO 9/1.5 LTS ZERO PRIMAVERA,278.01,295.10
7.50E+12,ENSUEÑO 9/1.5 LTS ZERO BEBE,270.01,291.90
6742,FOCA LIQUIDO 12/1 LT.,244.00,256.20
121188,MAS NO SOR 8/830 ML.,170.01,178.50
121189,MAS NO SOR 18/415 ML.,228.01,241.70
46565484,MAS COLOR 8/830 ML. ULTRA REN COLOR,174.01,182.70
4646,MAS COLOR ECON. BOLSA 18/415 ML.,210.50,221.10
121187,MAS DELICADA 8/830 ML.,172.75,181.40
7.50E+12,MAS DELICADA ECON. 18/415 ML.,240.01,252.00
199420919,MAS OSCURA 8/830 ML.,170.01,178.50
7.50E+12,MAS OSCURA 18/415 ML.,210.50,226.90
1543155,SUAVITEL **4/3 LTS. ADIOS P. AQUA,227.01,238.40
1543154,SUAVITEL **4/3 LTS. PRIMAVERAL A. AL P. S/E,234.01,245.70
153555,SUAVITEL 12/850 ML. A. ENJUAG. ANOCHECER,165.01,178.50
15360,SUAVITEL 12/850 ML. A. ENJUAG. AROMA SOL,165.01,178.50
15358,SUAVITEL 12/850 ML. A. ENJUAGUE BABY,165.01,178.50
6717,SUAVITEL 12/850 ML. A. ENJUAG. F. PRIMAV,165.01,178.50
7508562002,SUAVITEL 12/800 ML. AP COMPLETE ACQUA,175.01,196.40
LSUAVI003,SUAVITEL 12/800 ML. AP COMP. ANOCHECER,175.01,196.40
LSUAVI001,SUAVITEL 12/800 ML. AP COMP. AROMA SOL,175.01,196.40
7508562001,SUAVITEL 12/800 ML. AP COMP. DURAZNO,175.01,196.40
LSUAVI002,SUAVITEL 12/800 ML. AP COMP. ORQUIDEAS,185.01,196.40
LSUAVI0000008,SUAVITEL 12/800 ML. AP COMP. F. PRIMAV.,175.01,196.40
LSUAV001,SUAVITEL 12/1 LT. FRUTAL MANZANA/MORAS,175.01,183.80
6703,SUAVITEL 12/1 LT. PRIMAVERAL,226.01,237.30
6709,SUAVITEL 12/450 ML.  A. ENJUAGUE AROMA DE SOL,99.01,104.00
6705,SUAVITEL 12/450 ML. A. ENJUAGUE FRESCA PRIMAVERA,99.01,104.00
67955,SUAVITEL 12/450 ML. AP. COMPLETE ACQUA,122.96,129.20
6707,SUAVITEL 12/450 ML. AP. COMPLETE FRESCA PRIMAVERA ,122.96,129.20
74204,SUAVITEL M. MAGICOS 12/750 ML. A. DE AMOR,232.01,243.60
74202,SUAVITEL M. MAGICOS 12/750 ML. A. DE SOL,219.01,243.60
74201,SUAVITEL M. MAGICOS 12/750 ML. B. DE FLORES,219.01,243.60
750742003,SUAVITEL 750 ML. DULCES P. 12P. FRESA-CHOCOLATE,214.01,227.90
750742002,SUAVITEL 750 ML. DULCES P. 12P. TORONJA- CEREZA,214.01,227.90
750742001,SUAVITEL 12/850 ML. CUIDADO S. VAINILLA,189.01,200.00
750103742,VEL ROSITA 12/1 LT.,370.01,388.50
6713,VEL ROSITA 12/450 ML.,172.01,180.60
, SALSAS ,,
6584,SALSA EN POLVO TAJIN 12/142 GRS.,198.01,207.90
10006,SALSA HUICHOL PICANTE 24/190 ML.,231.01,242.60
7584020401,SALSA BOTANERA 12 /1 LT.,155.08,162.90
7584020402,SALSA BOTANERA 12 /1.5 LT.,213.01,223.70
6551,SALSA CROSSE & BLACWELL 12/145 ML.,284.14,298.35
6112,SAN LUIS 12/1 LT.,125.01,132.80
97339012033,VALENTINA 12/1 LTS.,171.06,179.70
97339024050,VALENTINA 24/370 ML.,171.06,179.70
97339012040,VALENTINA E. NEGRA 12/1 LT.,182.65,191.80
97339024067,VALENTINA E. NEGRA 24/370 ML.,182.65,191.80
6103,BUFALO 24/150 GRS.,175.01,183.80
29883,CHAMOY CHILERITO 12/1.5 LTS.,224.90,236.20
29884,CHAMOY CHILERITO 3/5 LTS.,180.01,189.00
6144,CHAMOY MEGA 12/1.5 LTS. ,230.01,241.50
6145,CHAMOY MEGA  6/4.1 LTS.,266.01,279.30
7.50E+12,CATSUP RICA 4.5 KG ,56.01,60.00
1458,SALSA BUFALO 12/990 GRS.,269.01,282.50
65821,SALSA HUNTS BBQ ORIGINAL  12/620 ML.,308.01,323.40
65820,SALSA HUNTS BBQ ORIGINAL  24/360 ML.,419.01,440.00
256306,SALSA HUNTS P/PASTA 24/360 GRS.,305.01,320.30
5821,SALSA HUNTS P/PASTA CUATRO QUESOS 24/360 GRS.,314.01,329.70
61116,CATSUP CLEMENTE JACQUES 24/225 GRS. VIDRIO,160.79,168.90
61117,CATSUP CLEMENTE JACQUES 24/390 GRS.,226.80,238.20
6553,CATSUP CLEMENTE JACQUES SQUEZZABLE 24/340 G.,230.01,241.50
61118,CATSUP CLEMENTE JACQUES SQUEZZABLE 24/220 GRS,166.01,174.30
71301,CATSUP HUNTS SQUEZZABLE 24/340 GRS.,236.71,248.60
6150,CATSUP DEL MONTE SQUEZZABLE 24/220 GRS.,154.01,161.70
14322,CATSUP DEL MONTE SQUEZZABLE 24/320 GRS.,203.01,213.20
7.50E+12,CATSUP EMBASA 12/1 LTO.,165.01,179.60
6143,CATSUP EMBASA 24/380 GRS.,172.01,180.60
6555,"COSTA BRAVA 12/1,500 ML.",196.01,205.80
6108,COSTA BRAVA 3/4 LTOS.,121.17,127.30
LVERLA0000010,PURE DE TOMATE DEL MONTE 12/1 LTO.,162.01,172.20
1.00E+12,PURE DE TOMATE DEL MONTE 24/210 ML. ,82.01,86.10
7501447601,PURE DE TOMATE DEL FUERTE 24/210 ML.,95.01,99.80
, SERVILLETAS ,,
57999,SERV ADORABLE 12/500'S,252.54,265.20
6340,SERV ADORABLE 24/125'S,151.98,159.60
49068601,SERV BRISSA 12/500´S,255.65,268.50
75010245790,SERV VOGUE 12/400´S,244.01,256.20
75010245791,SERV VOGUE 48/125´S,250.01,262.50
6375,SERV DELSEY 12/500 `S,308.51,324.00
6379,SERV DELSEY 24/250 `S,322.51,338.70
6378,SERV DELSEY 48/125 `S,332.01,348.60
6304,SERV LYS 12/500 PZA.,293.01,307.70
6305,SERV LYS 24/250 PZA.,295.51,310.30
6303,SERV LYS 48/125 PZA.,299.01,314.00
6347,SERV MARLI 12/500 ´S,233.01,244.70
6348,SERV MARLI 24/250 ´S,243.01,255.20
63902,SERV TENDER MAXIMA 12/500´S ,279.01,293.00
63901,SERV TENDER MAXIMA 48/125´S ,296.01,310.80
6368,SERV PETALO BLANCAS 12/450'S,372.01,390.60
6367,SERV PETALO BLANCAS 24/220'S,422.01,443.10
6366,SERV PETALO BLANCAS 48/100'S,342.01,359.10
LSERVI0000003,SERVITOALLAS BIG QUALITY 150 HD 24 PZAS.,347.70,365.10
124112,SERVITOALLAS IRIS 8/2+1 PZAS.,164.78,173.10
6301,SERVITOALLAS IRIS SENCILLA 24 PZAS.,190.39,199.90
5688,SERVITOALLAS KLEENEX COLOR 6/2 PZAS.,270.01,283.50
5687,SERVITOALLAS KLEENEX JUMBO 12 PZAS.,406.01,426.30
6361,SERVITOALLAS PETALO 12/3 PZS,299.01,314.00
6359,SERVITOALLAS VOGUE 15 PZAS.,156.01,163.80
, TALCOS,,
131114,TALCO DEODOREX P/PIES 12/100 GRS.,223.01,234.20
131115,TALCO DEODOREX P/PIES 12/200 GRS.,373.01,391.70
131113,TALCO MEXANA TRICLOSAN 12/320 GRS.,529.01,560.80
1260,TALCO MEXANA TRICLOSAN 12/160 GRS.,356.01,377.40
, TE ,,
8221,TE McCORMICK 7 AZARES 24/25 PZAS,414.60,435.40
8212,TE McCORMICK CANELA/MANZANA 24/25 PZAS.,548.01,575.40
8203,TE McCORMICK HIERBABUENA 24/25 PZAS.,261.41,274.50
8205,TE McCORMICK JAMAICA 24/25 PZAS.,417.01,437.90
8204,TE McCORMICK LIMON 24/25 PZAS.,261.41,274.50
8210,TE McCORMICK MANZANILLA 10/100 PZAS.,455.59,483.00
8202,TE McCORMICK MANZANILLA 24/25 PZAS.,261.41,274.50
8220,TE McCORMICK MANZANILLA 24/50 PZAS.,550.81,586.80
8211,TE McCORMICK NEGRO 24/25 PZAS.,417.41,438.30
8222,TE McCORMICK TILA 24/25 PZAS,351.01,368.60
84331,TE McCORMICK VERDE  24/25 PZAS,501.54,526.70
, TOALLAS FEMENINAS ,,
112112,"ALWAYS NOCHES T. SECA NORMAL C/A 12/ 8 PZAS "" MORADA""",234.01,245.70
75011210805,ALWAYS PROTECCION TOTAL SECA *C/A 8/10 PZAS.,143.01,151.60
7.50E+12,ALWAYS PROTECCION TOTAL SECA *S/A 10/10 PZAS.,155.01,164.30
112110,ALWAYS  NOCHES TRANQ. SUAVE  C/A 12/ 8PZ,213.01,225.80
LTOFEM0000011,ALWAYS  ULTRAFINA C/A F/A 24/14 PZAS.,866.60,910.30
112104,ALWAYS PROTEC. TOTAL SUAVE S/A 10/10 P.,152.46,159.00
7.50E+12,KOTEX ANAT. MANZANILLA C/ALAS 10/10 PZAS. ,108.01,114.50
7.50E+12,KOTEX ANAT. MANZANILLA S/ALAS 10/10 PZAS. ,98.33,104.30
38713,KOTEX ANATOMICA C/ALAS 10/10 PZAS.,131.82,138.50
7.50E+12,KOTEX ANATOMICA S/A 12/10 PZA,119.23,126.40
LTOFEM0000004,KOTEX NOCTURNA C/A 10/10 PZAS.,140.01,148.40
7.50E+12,KOTEX NOCTURNA MZLLA C/A 8/10 PZAS.,118.01,125.10
7.50E+12,KOTEX ULTRA DELGADA C/A 12/10 PZAS.,175.01,185.50
7.50E+12,KOTEX U- UNIKA (UNICA) ANATOMICA C/ALAS 10/8 PZAS.,109.01,115.60
7.50E+12,KOTEX U- UNIKA (UNICA) NOCTURNA C/ALAS 8/10 PZAS.,128.01,148.20
7.50E+12,KOTEX U- UNIKA (UNICA) ULTRADELGADA C/ALAS 18/10 PZAS.,284.52,301.60
7506399015,NATURELLA F. MODERADO C/ALAS 10/8 PZAS.,108.01,114.50
6882,NATURELLA INDIVIDUAL C/A 4/40 PZAS ,195.52,205.30
7.50E+11,NATURELLA CUIDADO NOCTURNO C/ALAS 12/8 PZAS.,164.01,172.20
2115454,NATURELLA S/A 12/8 PZAS.,106.01,111.30
6865,PANTIPROTECTORES FIORE 24/20 PZAS.,236.01,250.20
7.50E+12,PANTIPROTECTORES KOTEX MZALLA REG/TANG 24/44 PZA.,450.01,477.00
6862,PANTIPROTECTORES KOTEX LARGOS 24/44 PZA.,567.01,601.10
7.50E+12,PANTIPROTECTORES KOTEX REG/MZLLA 14/22 PZA.,145.59,152.90
6860,PANTIPROTECTORES NATURELLA C/MZLLA DIARIOS 18/26 PZAS.,341.59,380.10
6866,PANTIPROTECTORES NATURELLA 18/40 PZAS.,473.01,496.70
545589,PANTIPROTECTORES SABA CORTOS 16/28 PZAS.,233.01,247.00
6861,PANTIPROTECTORES SABA LARGOS 16/28 PZAS.,277.01,293.70
6871,SABA AMORE REGULAR CON ALAS 8/8 PZAS.,66.01,70.00
6868,SABA AMORE SIN ALAS 10/8 PZAS.,67.58,71.70
686825104,SABA AMORE NOCTURNA C/ALAS 10/8+2 PZAS.,96.90,102.80
3863,SABA BUENAS NOCHES * 14/8 PZAS. *,175.01,228.90
7.50E+12,SABA CLIP REGULAR C/A 14/10 PZAS,147.52,155.90
6832,SABA CONFORT DELGADA * C/ALAS 10/10 PZAS *MANZANILLA,132.01,140.00
6833,SABA CONFORT NOCTURNA C/ALAS 10/8 PZAS.,122.01,129.40
144556,SABA CONFORT REGULAR C/ALAS 10/10 PZAS.,140.01,147.00
144557,SABA CONFORT REGULAR S/ALAS 10/10 PZAS.,98.01,103.90
75010258602,SABA ESTILOS NOCTURNA C/ALAS 10/8 PZAS.,149.01,158.00
7501025601,SABA ESTILOS REGULAR C/ALAS 10/8 PZAS.,113.01,119.80
7.50E+12,SABA INTIMA REGULAR S/ALAS 14/10 PZAS.,118.01,125.10
750371,SABA INVISIBLE C/ALAS 16/10 PZAS.,195.01,209.00
1580,SABA ULTRA INVISIBLE LARGA 16/12PZAS.,377.01,399.70
56712036,SABA ULTRADELGADA NOCTURNA C/A 12/10 PZAS,252.01,267.20
1576,SABA TEENS LARGA ULT. C/A 12/10 PZAS.,234.01,248.10
1577,SABA TEENS NOCTURNA ULT. C/A 12/10 PZAS.,259.15,272.10
1573,SABA TEENS NORMAL ULT.  C/A . 12/10 PZAS.,221.93,235.30
, VERDURAS EN LATA ,,
24561,CHAMPIÑONES MONTEBLANCO REB. 12/380 GRS.,214.93,225.70
26631,CHAMPIÑONES MONTEBLANCO REB. 12/186 GRS.,116.65,122.50
2665,CHAMPIÑONES REB. DEL MONTE 24/380 GRS.,576.01,604.80
26642,CHAMPIÑONES REB. HERDEZ 24/380 GRS.,522.01,548.10
7153,CHAMPIÑONES REB. HERDEZ 24/186 GRS.,285.01,299.30
1550,"CHAMPIÑON 6/2,8 KG MONTE BLANCO",622.75,653.90
26655,CHAMPIÑONES LA PRATERIA 6/2.8 KG,620.94,652.00
7106,CHICHAROS C/Z CLEMENTE JACKES 24/220 G,110.01,115.50
7139,CHICHAROS C/Z CLEMENTE JAQUES 24/420 G,165.01,173.50
7107,CHICHAROS CLEMENTE JACKES 24/220 GRS.,109.01,115.60
7108,CHICHAROS CLEMENTE JACKES 24/420 GRS.,163.01,172.80
33354,CHICHAROS DEL MONTE 24/220 GRS.,112.01,117.60
24710134,CHICHARO HERDEZ 48/215 GRS ,259.01,272.00
7118,ELOTE CLEMENTE JACQUES 24/220 GRS.,132.01,139.30
7130,ELOTE CLEMENTE JACQUES 24/410 GRS.,219.01,230.00
21392,ELOTE DEL MONTE 24/225 GRS.,130.01,136.50
21391,ELOTE DEL MONTE 24/400 GRS.,239.01,253.40
2136,ELOTE HERDEZ 24/200 GRS,129.01,136.80
21363,ELOTE HERDEZ 24/400 GRS.,212.51,223.20
2660,ENSALADA CLEMENTE JACQUES 24/220 GRS.,125.01,132.50
1548,ENSALADA CLEMENTE JACQUES 24/410 GRS.,195.01,206.70
7103,ENSALADA DEL MONTE 24/215 GRS.,135.01,143.10
7104,ENSALADA DEL MONTE 24/400 GRS.,224.01,235.20
21362,ENSALADA HERDEZ  DE LEGUMBRES 48/220 GRS.,244.24,256.50
12107,ENSALADA CAMPESINA DEL MONTE 24/200 GRS.,149.01,158.00
12106,ENSALADA CAMPESINA DEL MONTE 24/400 GRS.,239.01,253.40
, VINAGRES ,,
7302,VINAGRE CLEMENTE JACKES 12/1 LTO.,104.01,109.20
7301,VINAGRE CLEMENTE JACKES 24/500 ML.,150.31,157.90
7318,VINAGRE CLEMENTE JACQUES 4/4 LTS.,101.01,106.10
7303,VINAGRE CLEMENTE JAQUES MANZANA 24/500,213.01,225.80
, VARIOS ,,
1866413,ATRAPA RATON GOMATON CHICA 36/2 PZAS.,685.01,726.10
1866416,ATRAPA RATON GOMATON GRANDE 12/2 PZAS.,443.50,465.70
3448,ATRAPA RATON RATAGOM CHICA 12/2 PZAS.,202.62,212.80
5263256,ATRAPA RATON RATAGOM GRANDE 6/2 PZAS.,202.62,212.80
750103211,ATRAPA MOSCAS CASA FACIL 24/4 PZAS,395.51,415.30
7.50E+12,CARBON DOÑA LOLA 5/3 KGS.,159.12,167.10
750102185,CARBON GAVILAN 5/3 KGS.,154.01,161.70
6917,KOLA LOKA BROCHA 8/5 GRS.,124.19,130.40
7.50E+12,KOLA LOKA GOTA 10 PZAS.,132.66,140.70
6924,KOLA LOKA GOTERITO 9/3.5 GRS.,124.19,130.40
7.50E+12,LAPICERO BIC 12 PZAS. MEDIANO AZUL,24.57,27.00
7.50E+12,LAPICERO BIC 12 PZAS. MEDIANO NEGRO,24.57,27.00
7.50E+12,LAPICERO BIC 12 PZAS. MEDIANO ROJO,24.57,27.00
7.50E+12,PALILLOS CUALPA 10/250 PZAS.,32.37,35.00
7.50E+12,PALILLOS TARASQUITOS 10/250 PZAS,34.01,38.00
8469,PASADORES 12/35 PZAS.,21.39,23.00
7.50E+12,PLASTI LOKA 10/20 GRS.,116.55,122.40
7.50E+12,SABRITAS SABRIDORITOS 30 PZAS. SURTIDO,257.44,279.00
7.50E+12,SABRITAS SABRIMAYOREO 48 PZAS,352.23,359.90
, VELADORAS ,,
LVYVEL0000044,VEL FAROLITO # 2 100 PZAS.,565.88,594.20
7.50E+12,VEL FAROLITO # 4 PAPEL 40 PZAS.,386.51,405.90
7.50E+12,VEL LIMONERO IUSSA 20 PZAS.,187.01,196.40
7822,VEL SATURNO 6/16 PZAS.,218.01,228.90
7814,VEL TAURO ROSAS PARAFINA 20 PZAS.,330.01,346.50
